"","Date","Sekong Downstream","Sekong Midstream","Sekong Upstream","Sesan Downstream","Sesan Midstream","Sesan Upstream-E","Sesan Upstream-N","Srepok Downstream","Srepok Midstream","Srepok Upstream"
"1",1979-01-01,227.669819641113,154.425578308105,117.744978841146,83.5732653299967,61.9169061024984,27.4252777099609,14.6704197247823,139.117594655355,59.4263989766439,25.0280057907104
"2",1979-02-01,139.70776612418,86.4288820539202,58.8891109739031,60.5955907276699,43.3069554737636,16.3942073072706,11.8875087669918,99.5337954929897,36.2711238861084,17.130273274013
"3",1979-03-01,124.933625498126,98.2341869723412,65.1580082062752,63.9365262677592,51.7851822145523,21.5462053975751,19.380988982416,102.832824460922,45.1839999537314,24.9222670524351
"4",1979-04-01,250.829933166504,227.423678080241,164.470279057821,127.389791615804,100.630645751953,38.3834229787191,35.4303409894307,146.203607940674,79.3418014526367,51.3217021942139
"5",1979-05-01,924.77159266318,669.841955369519,488.953699911794,287.505838209583,199.720270710607,65.3762248254591,75.2934228835567,330.066195580267,106.129655161212,52.2709855110415
"6",1979-06-01,2220.88918457031,1719.28922322591,1073.85472920736,1183.4287495931,970.21204325358,232.856846618652,424.675327428182,646.909081522624,191.515774154663,104.612601915995
"7",1979-07-01,3700.71677324849,1798.47008096018,934.901883033015,2337.10805979083,1614.63953227382,243.315221478862,490.546139624811,1998.0710921749,278.581029092112,146.549918636199
"8",1979-08-01,4260.37333826865,2188.07380922379,1174.05746755292,2152.94159919985,1470.46394003591,171.845807721538,472.831043366463,1441.08327557964,303.905027327999,161.389835234611
"9",1979-09-01,2221.05610758464,1240.55623982747,747.85719502767,922.884657796224,630.566307576497,89.4377546946208,235.06575088501,707.679235839844,225.71647084554,127.542658487956
"10",1979-10-01,1909.44952589466,901.298046481225,548.430313602571,981.728651477444,650.783774099042,148.285994006741,197.268715150895,1408.53420134514,547.50287554341,251.440071352067
"11",1979-11-01,538.280615234375,334.045013427734,240.474756876628,336.887485758464,257.484742736816,103.205769093831,64.9510902404785,656.383452351888,282.970943705241,123.54799118042
"12",1979-12-01,321.338287353516,233.653414326329,182.6343019547,143.785163141066,115.806915037094,58.7087241142027,25.3219282088741,237.373656242124,119.863860591765,55.2025850357548
"13",1980-01-01,186.490381548482,124.372069328062,89.457774992912,83.8974053167528,63.6363180837324,28.9012907704999,15.3132948106335,132.433832722326,57.1449997194352,28.8024184934555
"14",1980-02-01,132.357537631331,86.616096496582,57.6821377195161,64.5682379623939,48.157679327603,21.0485711590997,12.8727008885351,110.575607299805,43.1104204901333,21.102805828226
"15",1980-03-01,131.967352098034,92.975819249307,63.180493385561,60.5887771114226,46.4684234126922,19.5275278706704,13.8144674916421,93.8781391266854,35.0725269317627,17.4522195016184
"16",1980-04-01,148.528551228841,119.991879781087,89.5807220458984,63.7146816253662,53.0609031677246,21.8013980547587,22.0357271830241,102.327490488688,47.3769850413005,26.596622021993
"17",1980-05-01,587.515233193674,479.052540440713,303.820556148406,283.06073416433,226.872840389129,79.3740016568091,88.5860827661329,274.344137130245,147.85937241585,78.5549986439366
"18",1980-06-01,1244.75698852539,844.016283162435,574.095089213053,497.932377115885,376.161915079753,102.507786814372,132.595642852783,726.611288452148,287.035475667318,130.013908640544
"19",1980-07-01,2016.95475522934,879.609591576361,497.578980476625,895.570529076361,552.064055412046,97.8016150689894,176.631042480469,702.022073068926,176.19956404163,85.0069012795725
"20",1980-08-01,1892.50462685862,757.977377614667,384.986958657542,1023.90854177167,668.00938563193,122.493708333662,177.707998706448,1188.40688004032,505.809761293473,247.283875003938
"21",1980-09-01,4482.30502115885,2297.45915934245,1313.29032999674,2917.03518066406,2072.7837117513,456.990038045248,632.807141113281,3807.87804361979,1189.55532836914,434.275410970052
"22",1980-10-01,2477.19261907762,1335.00550891507,791.027127173639,1297.86309814453,924.594992360761,246.720655379757,259.052194902974,1567.03645570816,503.733074557397,234.34636909731
"23",1980-11-01,1660.24798990885,989.124983723959,723.585611979167,1060.15870361328,798.211754353841,315.008092244466,161.618220520019,2000.39571126302,750.580951944987,290.427108764648
"24",1980-12-01,569.38235375189,328.449479133852,230.9402716852,344.193924934633,254.793785833543,95.1366239978421,54.7786096757458,506.145074167559,186.227970246346,71.7998849191973
"25",1981-01-01,231.667590725806,153.226240342663,112.003634299001,109.310830639255,81.7995168624386,35.6846150429018,18.8960626048426,157.518227361864,61.581186848302,24.3645501905872
"26",1981-02-01,161.910479954311,106.510440008981,74.6119188581194,71.9768597739083,52.978136743818,21.2146660940988,14.1736807141985,117.425987516131,46.2142539705549,21.7245201383318
"27",1981-03-01,164.082265546245,117.220950465049,84.9755568965789,61.6941503709362,45.4408767454086,16.4660282750283,14.0390726520169,101.953660534274,38.2765120229413,17.1811832920198
"28",1981-04-01,313.044632212321,308.561902872721,243.694215393066,86.0442859649658,64.5527964274089,22.6655444780986,26.9607646306356,151.643316904704,61.7652439117431,29.6610288619995
"29",1981-05-01,751.909022177419,622.382093860257,501.26016038464,179.817192569856,123.338692941973,44.463642551053,46.2519237149146,294.795460854807,166.01214021252,91.0299605707969
"30",1981-06-01,2945.92013142904,1571.6357228597,955.081408691406,1128.2225769043,717.844223531087,108.105481783549,264.665684254964,869.410107421875,232.009196472168,108.765562820435
"31",1981-07-01,2599.62315713206,1190.67700785975,688.564346805696,1214.06888112714,732.699242376512,89.5491645566879,220.48204680412,1129.16409597089,266.904384982201,131.417411188925
"32",1981-08-01,4359.54088174143,2094.50216773248,1102.31030667213,2144.9603547127,1423.83830212009,179.858637163716,437.839895925214,2128.1253937752,457.802810176726,218.40973195722
"33",1981-09-01,2150.91282958984,981.939605712891,543.322064208984,1066.52276611328,701.599975585938,111.909795379639,193.12458597819,1410.92297770182,482.130745442708,246.337926228841
"34",1981-10-01,1723.44812799269,747.060846144154,431.651872204196,949.413843954763,618.647218765751,118.656804976925,147.634265776603,1560.53464040449,720.063097553869,381.069595829133
"35",1981-11-01,1711.09728597005,1131.55088297526,875.049595133464,871.041560872396,635.960851033529,235.127501424154,171.81861928304,1854.64097086589,1105.87534484863,430.598659261068
"36",1981-12-01,803.260060956401,539.692883891444,417.548834031628,424.103712512601,317.415296985257,137.361571773406,70.463250190981,1020.83129685925,610.103527438256,221.539397208921
"37",1982-01-01,335.976621074061,216.922491996519,160.919855179325,140.4757931617,104.294194867534,46.844703612789,22.5065429749027,285.532092186712,142.554901369156,48.8370005084622
"38",1982-02-01,165.61763054984,102.704692295619,67.6225547790527,80.7312205178397,59.4449935640608,24.5097288404192,14.5871657643999,139.147309439523,56.0276591437204,21.7180396488735
"39",1982-03-01,137.045600152785,85.0450764317666,52.6911030430948,71.2132143820486,52.2928084096601,18.0171343280423,15.6480907009494,115.85007279919,45.640631398847,19.8503904035015
"40",1982-04-01,263.464122772217,206.99797261556,151.348171869914,99.7309247334799,72.5824389139812,23.7836336135864,22.5842514038086,147.001472981771,82.9849161783854,45.3146154403687
"41",1982-05-01,340.95161585654,206.667325911983,138.55373062626,132.87891609438,91.1760573848601,24.399962517523,33.5672342854161,229.831771850586,134.182379691832,77.9574676021453
"42",1982-06-01,973.647997029622,570.572935994466,321.648216247559,459.310949707032,391.324820454915,88.8287438710531,207.447372627259,423.329033406575,203.389015197754,106.119768397013
"43",1982-07-01,2830.41703156502,1152.53775516633,565.199000204763,1534.06828849546,970.275676112022,100.968461559665,287.551199636152,717.32470703125,151.974685668945,78.4382834895965
"44",1982-08-01,2363.10220041583,896.900874968498,425.010256859564,1052.44259938886,626.272086851058,56.6001638597058,202.737366707094,579.594607445502,148.957711004442,94.2503603043094
"45",1982-09-01,3133.03875325521,1704.02419433594,991.514494832357,1778.808009847,1209.65290120443,195.406869761149,385.713967895508,1042.33655802409,291.67656656901,182.591849263509
"46",1982-10-01,1438.61205464025,659.385064894153,425.09222608997,743.460132229713,483.558438208795,88.0261766987462,124.599604083646,943.649634576613,295.986122377457,181.033318304247
"47",1982-11-01,591.269395955404,299.611129252116,207.634559631348,271.147328186035,176.706932067871,39.1259972890218,43.0845297495524,446.19060160319,176.030692036947,107.590827687581
"48",1982-12-01,288.015882922757,177.441410679971,137.227548414661,101.390165759671,70.6680946350098,21.6923160552978,17.4638511596188,189.28301558956,83.3224598053963,47.1596298833047
"49",1983-01-01,207.438417988439,144.762281848538,112.096730139948,72.3486960626418,52.7064447710591,21.6446186188729,13.7499887404903,113.266890248945,43.8486840032762,23.2423224910613
"50",1983-02-01,165.474360329764,109.487939562116,79.9131281716483,62.1755090441023,44.2363338470459,16.9734467438289,11.7565762315478,94.4679295676095,33.8533176694598,19.7027572904314
"51",1983-03-01,144.909403154927,104.757049806656,76.6594556993054,54.7478939179451,39.6517198624149,14.8017143434094,12.0771854462162,85.4137359126922,32.6437456684728,18.9928462736068
"52",1983-04-01,164.793851470947,130.671983591716,95.0591716766358,69.1645197550455,54.4178298950195,25.2400257428487,15.4785335540771,84.0218538920085,34.5530986150106,20.1150833129883
"53",1983-05-01,404.298322616085,316.514694213867,245.891664074313,144.711377789897,96.5352868110903,28.0127519792126,33.4506010240124,138.844704904864,50.5079459528769,31.4589114650603
"54",1983-06-01,1287.31171366374,851.964921569824,509.932616424561,460.433720143636,389.574802652994,108.527560170492,200.21357644399,337.043473815918,156.945476659139,61.4566682815552
"55",1983-07-01,2219.58567367062,1189.24635954826,682.457579581968,977.654857020224,705.661289338142,106.357494723412,272.723683264948,704.530886742377,230.619128811744,107.759481737691
"56",1983-08-01,2485.81558719758,1277.16313909715,726.101001370338,1457.94985666583,958.969704904864,177.411948419386,288.518415389522,1264.75212441721,338.237977058657,158.951316341277
"57",1983-09-01,1808.96441650391,901.172469075522,504.568586222331,947.405959065756,609.906672159831,131.82162806193,204.248308817546,1241.3359375,388.250538126628,202.813375345866
"58",1983-10-01,3155.04252378402,1561.33919402092,723.553468765751,2166.23674552671,1558.46341828377,351.874090871503,467.406193887034,2613.77898973034,824.917594663559,353.4146841726
"59",1983-11-01,1642.52852376302,1060.20366312663,719.934636433919,870.161880493164,640.539192708334,190.695215606689,179.622971089681,1232.54016113281,461.052090454102,190.324796295166
"60",1983-12-01,437.207088839623,271.002068304247,188.43819058326,228.923136557302,171.381962437783,63.4625503786149,43.5196282171434,373.073781167307,161.184429537865,73.6157624029344
"61",1984-01-01,239.254297071888,177.370879634734,139.147088327715,94.4955272059287,71.1945256879253,33.1720813012892,15.7872285227622,149.132094598586,63.6984597482989,30.2144736628379
"62",1984-02-01,182.769293423357,126.967195971259,95.2355052027209,69.9321558722134,51.6043482813342,22.0275359318174,12.9563222095884,112.334038833092,42.2543683545343,20.3568871596764
"63",1984-03-01,150.726147067162,117.615769417055,86.8130163377331,62.9910854216545,47.5395709622291,18.7625335570305,14.3097520643665,98.7359151532573,37.0574579546528,18.6624717097129
"64",1984-04-01,278.489657084147,258.696324666341,193.339609781901,83.2950024922688,69.4696356455485,28.927440516154,29.7087841669718,119.613198343913,69.837523651123,43.8146607398987
"65",1984-05-01,649.429974955897,466.112918976815,359.39865456858,234.804053521925,162.955086492723,52.0440870715726,44.4210392736619,376.923638128465,198.062893775202,118.241469844695
"66",1984-06-01,1641.00017293294,901.353740437826,590.515858968099,710.431068929037,488.678786722819,78.0064215342204,137.406691360474,727.720741780598,320.093268839518,193.327803548177
"67",1984-07-01,1724.61580141129,728.296843497984,428.604472990959,932.782269877773,555.228685932775,68.1286463583669,100.207039125504,963.447913385207,381.399718253843,237.487794937626
"68",1984-08-01,4527.15644294985,2387.65897689327,1292.32279722152,2392.90948092553,1608.66695477886,197.102233763664,573.547273205172,1345.77624314831,291.969108335434,169.433543543662
"69",1984-09-01,4211.03539632161,1941.20375569661,1012.73440450033,2239.57685953776,1482.74371744792,213.006788635254,438.191674296061,1751.46938476562,374.815517171224,205.054393513997
"70",1984-10-01,1822.69030761719,885.637866604712,546.062642743511,913.32815453314,598.09721719065,133.199011033581,137.164726503434,1826.06456338206,752.380567981351,420.777767058342
"71",1984-11-01,1298.6488667806,784.362430826823,536.53120320638,719.994474283854,528.518991088867,200.44708480835,125.600653076172,881.159200032552,332.622988382975,167.110572560628
"72",1984-12-01,455.22215812437,300.820852956464,218.842120262884,235.5261107414,178.44914959323,75.9089425609958,42.2679846978957,302.529574978736,139.082807479366,56.6760218220372
"73",1985-01-01,230.725831062563,157.365936771516,115.871509428947,100.770842029202,75.3244475087812,33.1662341702369,18.010501000189,139.393992762412,56.7275581359863,25.66798726974
"74",1985-02-01,199.208932059152,146.404511860439,106.918791907174,79.9083641597203,57.9189500808716,23.2345723424639,15.919648034232,119.685435703822,49.480553490775,25.3292281968253
"75",1985-03-01,225.775619506836,162.839130770776,123.870424086048,73.005614249937,53.3756749553065,19.7314975184779,16.1946403441891,114.874542728547,48.0090836555727,25.1327875198857
"76",1985-04-01,333.073495483399,306.387937927246,237.482394663493,105.654998779297,88.1356459299723,40.8951326370239,30.8272638956706,201.165605926514,133.137055333455,89.8547286351522
"77",1985-05-01,668.034847136467,408.72359343498,302.740098030337,269.011800950573,187.345050934822,46.1274612180648,43.8380813598633,537.704253165953,225.044563539566,129.752233197612
"78",1985-06-01,2117.35487670898,1373.39757283529,906.577019246419,767.007617187501,581.610928853353,115.271866035461,218.026189359029,502.610954284668,130.023283640544,77.841835784912
"79",1985-07-01,2539.90031580771,1220.4022866526,711.789812641759,1282.0052273658,801.595726751512,137.137432467553,239.377623527281,937.390075683594,230.02373356973,147.240419695454
"80",1985-08-01,3705.78837733115,1681.51787739415,905.995211693548,1684.84308058216,1062.25323092553,122.875967210339,322.263163412771,1220.81082842427,211.67799574329,119.815289897303
"81",1985-09-01,3006.06171061198,1391.87508544922,743.972174072265,1737.17793782552,1121.98042195638,157.528933970133,317.239301045736,1659.17595214844,355.955510457357,204.059414418538
"82",1985-10-01,1687.00506985572,784.703688098538,467.574271909652,1033.6117917953,639.360315138294,130.101060682727,149.708803484517,1287.92187696888,442.151142735635,255.289988363943
"83",1985-11-01,608.702587890625,348.137209065755,247.485626220703,279.661181640625,192.950144195557,60.2963043212891,48.9829962412516,457.195239257812,197.144268290202,109.073383331299
"84",1985-12-01,403.499258718183,298.876897504253,244.357410553963,138.559931847357,106.33842345207,49.9421704200006,24.6186455142113,224.653026949975,116.626384858162,57.1968457621913
"85",1986-01-01,272.878736926663,200.596770748015,157.728053185248,91.6625723069714,70.6964517408802,36.1645993263491,15.2576253029608,134.393076004521,56.604062111147,30.5209749283329
"86",1986-02-01,183.899784633092,125.109221322196,89.8490314483643,71.4000124250139,54.1935904366629,25.0912348883493,13.2917422226497,107.451940264021,42.3119208472116,23.838294165475
"87",1986-03-01,139.412604055097,112.473059623472,78.2997224869267,65.1703353389617,52.6325608530352,23.0611171722412,19.2324701739896,98.2170949136057,39.6630226873582,23.0432860466742
"88",1986-04-01,271.544497680664,241.336853790283,183.982004547119,76.8673487345378,57.4516539255778,18.9554056167603,20.1638051668803,103.455274709066,48.607513554891,30.3304929097494
"89",1986-05-01,1001.43119467458,616.05931878859,409.841076266381,525.997545549947,373.556664374567,71.8969188197967,114.574607110793,353.338065362746,74.3820588511806,38.6232058002103
"90",1986-06-01,1235.16495361328,592.887256876628,379.847311401367,420.625006612142,251.349573262533,37.657985941569,75.5538581848144,408.759312947591,134.738310623169,66.5476837158203
"91",1986-07-01,3077.40480484501,1135.81957023374,578.135147586946,1448.90687413369,850.712497834237,105.717189911873,218.462507186397,934.404044858871,193.124613608083,102.057875602476
"92",1986-08-01,3885.64476751512,1589.21717686807,879.288848876953,1881.76329778856,1180.69459976689,172.376728180916,302.770076628654,1816.78688886089,385.291191839403,187.832298771028
"93",1986-09-01,4039.26429036458,1879.82850545247,1007.75278116862,2002.30846354167,1332.03834838867,205.835952250163,393.251407877604,1839.13192138672,442.551151529948,227.254711405436
"94",1986-10-01,1717.61225349673,923.542098506804,563.347131544544,987.002403997606,672.481699297505,196.048460437405,148.569026577857,1849.42737603957,646.900867092994,357.871288176506
"95",1986-11-01,1003.07309570312,627.521918741862,429.862888590495,410.673858642578,290.317885335286,99.0460517883301,69.1063772837321,648.881401570638,263.48270111084,138.923837280273
"96",1986-12-01,658.077481177545,436.496576616841,321.512910904423,291.798134588426,224.49820463119,103.852209891042,58.0567048595798,720.415106004285,390.966483331496,161.657796552104
"97",1987-01-01,249.284996771043,163.906932461646,118.61104189965,108.86691136514,82.70215335969,38.3122969596617,19.3718859764837,209.52748206354,92.6736911650627,37.4331498915149
"98",1987-02-01,165.104471479143,104.471048900059,71.3011634009225,74.8010153089251,54.9029991967337,22.4483857836042,13.807811668941,120.801624025617,44.6301063810076,19.9375034740993
"99",1987-03-01,163.961791992187,125.427899514475,88.8440925844254,65.8075810094033,50.0579105500252,21.6187962562807,14.9900429325719,105.854926570769,44.0729441488943,23.192892074585
"100",1987-04-01,200.257755025228,148.602325693766,111.509515889486,76.677121480306,58.5214738210042,22.2240665435791,16.8848338445028,120.99117380778,60.6915532430013,32.9490458806356
"101",1987-05-01,226.949332944808,184.620359605358,141.284763213127,67.9971883220057,51.1837551978327,19.6509491705125,20.4394588470459,134.659668460969,92.8677594584804,57.1123290523406
"102",1987-06-01,1175.65119425456,619.511037190755,398.055434163411,357.182064819336,249.224059041341,55.9270606358846,88.3311391194661,555.024742635091,224.266456858317,114.810288619995
"103",1987-07-01,2507.94838788433,926.198245140814,470.641917567099,1127.53066229051,694.886752713111,73.7588824610556,156.866421607233,1124.96987324376,240.966559379332,117.614195546796
"104",1987-08-01,3008.52927324849,1614.77968080582,901.029219104398,1406.13625015751,965.520045126638,130.411010373023,366.380663225728,1017.14141648816,291.257199687343,149.265250913558
"105",1987-09-01,3551.11637369792,1662.40586954753,892.889190673828,1916.59128417969,1278.60448404948,213.673098754883,403.022820027669,1779.01342773437,488.027436319987,255.072368876139
"106",1987-10-01,1353.69510183027,635.783259237966,404.159589705929,738.379617998677,507.826076384514,118.207493320588,126.955387484643,1145.85669535975,386.513047741305,216.777001165575
"107",1987-11-01,606.547204589844,314.720470174154,231.727985636393,276.583241271973,204.677834065755,71.5951760609945,53.6335286458333,447.502068074544,207.123071289062,109.138669586182
"108",1987-12-01,357.083610288559,236.456908195249,193.445593064831,114.73201234879,83.0862355386057,32.2227517404864,20.3793831486856,215.271579373267,98.2172558692194,46.8942482240738
"109",1988-01-01,222.266783683531,151.134325581212,115.258888244629,74.5815515825825,54.1870632786905,21.4467153241557,13.91530969066,130.297584779801,52.9968297404628,25.3336593874039
"110",1988-02-01,157.094079379378,104.698838858769,75.023409350165,58.4795580896838,42.7912133315514,17.4609325014312,12.3820210818587,103.480962029819,41.8245737799283,22.3589233529979
"111",1988-03-01,136.435728996031,88.2881856118479,62.0718866163684,55.095329776887,40.7304405704621,16.4754840174029,12.2218046495991,97.9560916039252,38.1912192683066,19.176257717994
"112",1988-04-01,216.16887029012,156.786511739095,109.912914530436,68.383287302653,55.9753349304199,20.0594681739807,25.5116771697998,103.837926737468,54.1340807596842,34.8648483276367
"113",1988-05-01,404.459999330582,284.021575927734,198.155223477271,174.701022978752,130.340527688303,38.4960815675797,36.0357933044434,297.979130406534,105.646235681349,65.6003359517743
"114",1988-06-01,1984.56697794596,847.251934814453,520.249666341146,609.105461629232,414.530229695638,76.6598923365275,158.919299825033,683.589277140299,206.331007130941,113.260144551595
"115",1988-07-01,1151.10944194178,460.872418803553,287.384836996755,478.18496999433,306.031132851877,55.0082043063256,81.9037011669529,563.597252630418,192.934029609926,116.261496020902
"116",1988-08-01,2024.07894405242,914.64750031502,492.666698824975,818.98238249748,477.85558196037,47.9316443166425,171.835361603768,735.690872684602,225.327931557932,132.702643855925
"117",1988-09-01,1463.59149576823,635.112442016602,371.007018025716,717.017362467448,459.568908691406,92.3416212081909,118.831777954102,1205.60055541992,387.66183420817,220.962482452393
"118",1988-10-01,3849.17956542969,1910.90311358052,1051.80339197959,2816.71952770602,2038.21025233115,515.865479746173,606.482264118809,2917.98804498488,891.112878614857,404.350773965159
"119",1988-11-01,1375.32706502279,760.061916097005,494.85747273763,880.727869669596,630.255260213217,201.417089080811,155.065236663818,1349.14870402018,615.859389241537,286.961618550618
"120",1988-12-01,448.053181309854,298.503316079417,222.304438437185,220.831669469033,168.22436252717,71.6449336390341,40.9464395584599,376.712402835969,177.401048967915,79.1438158096805
"121",1989-01-01,232.198831865864,164.949098156345,124.666282407699,94.2730119766728,71.3972058450022,32.904276878603,17.7617831691619,154.826688704952,69.2353241212906,29.5758687911495
"122",1989-02-01,161.56859588623,103.390580313546,73.1567065375192,68.8961360113962,50.1992573056902,20.4849037442888,13.7322432994843,111.14085660662,40.08964742933,19.0854466302054
"123",1989-03-01,162.809544471002,130.654018032935,90.1029668008127,81.9777365653746,68.5499917307208,31.6057932453771,19.6659013379005,139.185922930318,78.3104684891239,46.1974763562602
"124",1989-04-01,258.291250610352,186.816105651856,141.309084828695,98.3618728637696,75.7791580200195,28.2050963083903,27.2661247889201,141.178942362467,66.6193576812744,35.4188002904256
"125",1989-05-01,756.834021783644,656.122672788558,433.40463699833,331.221124710575,303.42608950215,92.6755265881939,165.063752451251,351.603159012333,165.083412908739,96.6083150063791
"126",1989-06-01,1534.65712890625,987.611401367187,636.335544840495,520.95757039388,385.780415852865,85.5064300537109,145.880274454753,475.021411132813,195.15337600708,105.312603632609
"127",1989-07-01,2055.7236328125,1201.88462780368,684.820133332283,1099.5999460528,790.844420402281,160.87174470963,303.552654389412,764.743402296497,242.558065106792,147.412652784778
"128",1989-08-01,3084.50172473538,1374.92311932964,770.337301931074,1661.7804703251,1064.95839961883,176.84367124496,324.571622294764,1256.57615218624,294.821951589277,165.706571025233
"129",1989-09-01,2878.68495279948,1199.79082438151,660.890753173828,1489.47686360677,960.405448404948,181.172821553548,249.399525960287,1743.9721110026,411.984172566732,193.257653299967
"130",1989-10-01,1517.21974034463,704.693411550214,455.619222333354,746.081985965852,490.654717722247,110.824961754584,122.27900572746,1191.52770011656,426.96441453503,212.674197289252
"131",1989-11-01,509.65680847168,249.744904073079,176.949695587158,229.824271647135,154.449709320068,43.7764401753743,35.0104892730713,445.100362141927,177.239194742839,86.1083454132081
"132",1989-12-01,249.795008013325,168.86915539157,126.989172904722,98.5732631068077,73.4565099900769,29.324484855898,18.0577609154486,161.23445867723,66.2247726686539,31.5258743532242
"133",1990-01-01,153.492201282132,98.0606389199534,68.1677785073557,67.8759581042874,48.9689174775154,19.1174188429309,13.0967637031309,106.711735633112,37.876654225011,19.6195471978957
"134",1990-02-01,128.808532987322,87.892569405692,62.2551727294922,57.7216081619263,41.7562648228237,16.4801457609449,12.2448553017207,93.8009774344308,32.6856688090733,17.6774217060634
"135",1990-03-01,188.102485410629,154.964798465852,117.535125978531,58.479239186933,44.6073613320628,16.2506066906837,15.2005869957709,85.4956433696132,33.2896571620818,19.5254821777344
"136",1990-04-01,226.462446085612,182.373258972168,132.034237162272,102.778119532267,76.6214012145996,23.3951863924662,23.5823199590047,285.017144521078,61.9584943135579,33.4999264399211
"137",1990-05-01,487.835067749024,394.474056613061,291.615112304688,201.935501344742,168.158897769067,60.7707224815123,57.263187039283,191.025481685515,95.3683263717159,50.7756438101492
"138",1990-06-01,1292.0772664388,664.941660563151,440.29403889974,536.993371073405,373.165360514323,69.445190111796,110.995128377279,1260.57847798665,538.228344472249,182.589746983846
"139",1990-07-01,1560.38364730343,625.860528761341,388.825331164945,808.265046150454,485.393238682901,63.2855983857186,86.6315447899603,981.362489761845,255.91442723428,111.895169411936
"140",1990-08-01,2394.11973916331,1072.33749291205,598.781317926222,1217.10020594443,752.325931672127,95.1696315888435,227.462006107453,1401.80934586063,410.301707606162,221.065830353768
"141",1990-09-01,3530.95786132813,1707.44006754557,1019.58573811849,2065.43221028646,1466.96148274739,287.727635192871,467.711595153809,2580.84536539714,650.695094807943,307.556269836426
"142",1990-10-01,2522.33976105721,1387.40813224546,858.266812232233,1574.40652170489,1117.71030155305,286.792836835307,290.282261510049,1800.19506442162,478.332063736454,203.584486192273
"143",1990-11-01,1464.30974934896,899.675449625652,602.366390991211,940.233400472005,706.584208170573,238.634774271647,190.71372756958,1155.35746663412,468.624344889323,211.806831359863
"144",1990-12-01,493.912652784778,312.885756461851,220.93467367849,307.742944532825,234.563045378654,94.3393175678869,55.9089112435618,507.626114383821,221.131185223979,98.5113124232139
"145",1991-01-01,202.09299050608,127.033040938839,86.3134466601956,105.471464095577,77.4960537572061,30.8501420174876,19.2124290158672,188.828432144657,76.3822895173104,31.8795184473838
"146",1991-02-01,137.221436909267,84.0674561091832,54.8756499971662,68.4181912285941,49.7486997331892,20.0916004862104,13.4832530021667,119.882137571062,44.1780855996268,20.5203272274562
"147",1991-03-01,146.418929315382,116.644932900706,78.7516809278918,88.5570912514964,74.4738368372763,30.7802317527033,23.6318940808696,107.7375067434,39.7854750848586,18.4303447354224
"148",1991-04-01,155.882720947266,94.748383585612,65.0207018534342,69.7754651387532,51.575945409139,19.7166159947713,15.6570116678874,108.114547729492,48.099365234375,24.4146106084188
"149",1991-05-01,400.580320788968,319.830250155541,245.463738472231,120.729083399619,89.5484472705472,26.455780706098,35.2353023405998,120.700952837544,45.7256213772681,24.2258366615541
"150",1991-06-01,859.028193155925,457.80099995931,272.812641398112,301.368890635173,209.753666178385,33.9800038655599,85.843760617574,326.206863911947,98.2620642344157,54.3221890767415
"151",1991-07-01,1584.98007103705,668.16124602287,348.13347847231,634.483536258821,403.655326104933,51.3858657959969,130.658355466781,412.187127882435,127.768726471932,70.85828990321
"152",1991-08-01,3267.15881741431,1426.65718324723,720.609991258191,1673.4534124559,1078.10264341293,129.324247421757,404.461264825636,884.636935326361,167.036334622291,102.679964742353
"153",1991-09-01,3753.77530924479,1579.06878662109,850.640716552734,2185.87305094401,1414.37834269206,195.093658955892,443.16811319987,1651.09774576823,338.161889139811,196.917691802979
"154",1991-10-01,2783.65979397681,1603.91987068423,887.391940209173,1496.16202274446,1047.76090363533,221.681497881489,346.334442630891,1523.02489249937,421.429326211252,238.649065571447
"155",1991-11-01,889.359677124024,471.026150512695,315.703280639648,399.754526774089,257.155518086751,66.4138217926025,65.7232654571533,549.265029907226,178.37632039388,92.8317115783692
"156",1991-12-01,271.847698088615,163.546456121629,119.417409096995,112.913781689059,79.7683146076817,29.9954974882064,20.1762382753434,159.735865193029,58.8052038377331,27.2213820180585
"157",1992-01-01,176.531679707189,121.947670967348,88.1314687421245,73.937506398847,54.2029123613911,22.9324087327526,14.0665039862356,106.134485552388,37.2427745942147,17.5307184342415
"158",1992-02-01,150.854738958951,101.452639875741,71.8371475482809,61.0655567563813,44.5117107259816,19.4684143066406,12.2913157035565,87.4771741669753,26.6545051706248,14.3072311467138
"159",1992-03-01,143.082065213111,112.143670112856,81.2663920002599,56.7252579965899,41.7043081714261,15.2819437519196,12.748851683832,79.5329444639144,26.2140262972924,13.7539998946651
"160",1992-04-01,191.606282043457,157.200103759766,116.640543111165,86.883890914917,71.8554442087809,35.473007106781,23.3275636672974,123.405922698975,75.8949034372965,47.1045688947042
"161",1992-05-01,345.878315094979,287.864882438414,225.793468106178,109.059000076786,80.0923583738266,31.2764681539228,31.9534303603634,159.317001096664,90.0329171457598,52.5725747385333
"162",1992-06-01,808.005517578125,510.56137898763,378.967536417643,287.080986022949,202.859498850505,45.8672098795573,73.214198366801,430.516231282552,200.074659474691,103.484459559123
"163",1992-07-01,1269.15283203125,627.037564185358,411.651988367881,464.286983859154,278.71551932058,45.0955136822116,76.1491031646728,522.670345183342,154.587721547773,68.6351151004914
"164",1992-08-01,3272.52001165575,1449.56380733367,884.44871077999,1702.22165015436,1075.04070454259,139.535647484564,273.648710435437,1045.74137238533,274.165379678049,157.328723784416
"165",1992-09-01,2812.18314615885,1288.78878377279,814.697677612305,1357.2722676595,845.151678466797,116.705302429199,231.916098531087,1151.44306844076,252.575605265299,144.97892481486
"166",1992-10-01,1387.72635970577,727.519902383127,504.192632859753,789.35990758096,578.540908321257,195.877573074833,158.802390313918,1342.18158549647,724.305519350113,353.86348355201
"167",1992-11-01,1010.74844563802,594.520109049479,451.971655782064,804.749782307943,600.480610148112,236.525082651774,106.876362609863,1531.12123413086,589.713134256999,262.891984049479
"168",1992-12-01,320.214956960371,210.082534790039,157.323500848586,195.535578081685,142.073351706228,52.0033753918063,32.2331057517759,342.611217375724,133.492747153005,55.5775198782644
"169",1993-01-01,201.893201274257,136.205985284621,102.7112483363,76.5088700325258,54.9681726271106,21.14660767586,14.4063122041764,125.967954081874,50.1265116045552,22.1717975370346
"170",1993-02-01,141.957548413958,90.4290820530483,63.812384060451,60.3204859324864,42.5198817934309,15.0753948347909,11.8237543446677,100.361701965332,34.3860105787005,17.0730514526367
"171",1993-03-01,152.958687566942,114.112242667906,82.1859063179263,66.8034179441391,48.7766539050687,21.02983262462,14.294520162767,106.621086120606,50.9416502675703,28.2363514746389
"172",1993-04-01,202.545076497396,165.069798533122,122.235379664103,68.8299264272054,52.1987140655517,17.974390856425,20.495236269633,95.3706067403158,36.9276133855184,19.0265304247538
"173",1993-05-01,430.858983193674,334.335071686776,246.098986225743,134.001434326172,102.691651252008,33.4242253457346,37.2265468105193,206.095852021248,111.088759145429,62.9068419548773
"174",1993-06-01,752.515877278646,322.104240926107,226.355005391439,208.666922505697,130.474213155111,27.8846111297607,42.7297559738159,314.823444620768,152.998589070638,78.4232036590576
"175",1993-07-01,1465.57597104965,550.564225719821,337.758634505733,471.127630418347,282.051862655147,41.2570630350421,89.5762593669276,391.952862155053,130.869453184066,69.4256396139822
"176",1993-08-01,2876.66637002268,1043.47611556515,479.684706164945,1315.93892546623,754.962050899383,55.210866497409,194.053144147319,706.617320399131,137.075188421434,80.0702897348712
"177",1993-09-01,2257.61112467448,981.584631347656,520.845788574219,1176.42330322266,734.77544148763,89.0307696024577,207.465963745117,981.803887939453,258.955567932129,151.007622782389
"178",1993-10-01,1520.46891538558,646.648390246976,384.83778233682,1147.86649642452,781.935718167213,222.18900938957,174.750885994204,2200.46457598286,857.488763624622,453.673860119235
"179",1993-11-01,583.832323201497,285.043828837077,191.643682352702,393.382876586914,277.903087361654,93.0233306884765,70.1134394327799,621.396109008789,267.237427775065,140.418684387207
"180",1993-12-01,428.817445816532,334.309202132686,284.28195534983,208.837413664787,163.744898888373,84.5547241703156,34.5711351825345,350.986346829322,229.526172760994,96.9081620247133
"181",1994-01-01,256.37881765058,175.872880258868,139.918684682538,97.9372430616809,75.5271784874701,36.4004440307617,17.9698651221491,163.425182219475,87.4048848305979,36.1569483972365
"182",1994-02-01,170.269470759801,123.177914483207,91.0646257400513,68.0664976664952,49.7830566678728,19.940951858248,14.1325788838523,107.112297875541,44.3464358193534,20.5543271473476
"183",1994-03-01,154.246939874465,112.568178484517,79.1876875354398,59.9161245284542,45.1837789473995,16.7506350855673,16.9063569038145,92.2881117789976,39.2171208781581,22.1597531226373
"184",1994-04-01,320.327272542318,293.251483154297,222.662556711833,87.9863395690918,72.3365339914958,22.6849412918091,33.5968342463176,115.706139119466,57.7141792297363,34.1001277287801
"185",1994-05-01,542.305266349546,389.382456133443,267.439317764774,207.071980137979,165.920514260569,55.5133902949671,55.4497839404691,300.959128595167,174.669852472121,100.296132549163
"186",1994-06-01,926.685284423829,424.084344482422,279.380834960937,277.598287455241,166.79230448405,25.1477347056071,47.111150042216,274.148977661133,105.933702850342,60.6051897684733
"187",1994-07-01,2206.37536621094,861.576717253654,430.61276343561,834.986726822392,507.991597821636,53.6238213815997,164.632864552159,508.552099412487,127.367673566265,70.1892367947486
"188",1994-08-01,2916.4799844065,1278.23664314516,603.722980130103,1500.74559365549,933.973674158896,76.5481173607611,312.314094789567,531.100844844695,109.638288436397,70.8224098451676
"189",1994-09-01,3028.77761230469,1388.90466105143,752.019804890951,1450.57904052734,1014.13110961914,168.817255910238,340.953893025716,928.954819742839,242.679684448242,129.072050730387
"190",1994-10-01,1434.72326857044,670.061323596585,404.075719033518,759.284994802167,520.283458094443,103.139933432302,146.767119623,713.33695836221,215.80828315981,119.314076085244
"191",1994-11-01,447.135730997721,240.783214314779,167.56688486735,208.137355295817,146.22452545166,41.0577502568563,39.8855422973633,288.329146321615,104.990198771159,51.8781238555908
"192",1994-12-01,253.843078121062,198.787653276997,159.256524608981,96.3784846644248,74.3772082174978,30.1716733132639,21.7092991182881,153.76276939146,83.6343392402895,44.4393573884041
"193",1995-01-01,217.383254512664,148.04958786503,116.611049036826,66.6546196476106,47.0303598219349,17.6271592109434,12.6659577585036,92.7433528284873,35.3608117257395,19.9396692091419
"194",1995-02-01,149.517008100237,103.099120276315,75.5833665302821,59.042722429548,44.4662220818656,20.9002252306257,11.7655429840088,78.6445625850132,27.7272164481027,15.2815304143088
"195",1995-03-01,119.169550987982,103.142155062768,70.857479587678,49.708617425734,36.9732625407557,15.192919546558,12.3906464422903,66.7705215946321,23.5241037184192,14.5300978076073
"196",1995-04-01,218.929659016927,155.667604827881,114.217707316081,60.9966255187988,47.6982157389323,17.7089416821798,16.1237210273743,64.612931950887,23.0946847279867,12.9107266743978
"197",1995-05-01,415.038780950731,323.184538318265,245.978474155549,88.1734721276067,63.4720745701944,20.948377701544,33.0298833847046,104.762491164669,69.7218781132852,44.5496610518425
"198",1995-06-01,618.887653605143,354.443792724609,252.748721313476,210.118646240234,130.489050038656,31.8605100631714,50.6328781763713,248.767208862305,139.060949834188,81.9142457962036
"199",1995-07-01,1376.35724073841,605.726632395098,397.500457271453,436.793573194934,253.215974869267,51.3867263793945,85.7430016917568,487.951020271547,182.708672554262,95.6797119878954
"200",1995-08-01,1557.01745211693,704.555037959929,439.743509600239,505.015896704889,284.671004264585,58.77787023975,110.684767815375,433.283665810862,207.640291029407,128.30587362474
"201",1995-09-01,2570.46269124349,1088.46042480469,595.755987548828,1305.37832845052,837.725722249349,119.118456776937,277.799626668294,885.882291666667,266.946269226074,160.89313100179
"202",1995-10-01,1734.49203392767,845.81941469254,545.010659494708,952.179205125378,618.966327298072,150.076783211001,181.264481575258,1187.07545717301,420.880201770413,230.156776428223
"203",1995-11-01,1267.31874186198,753.419143676758,530.957981872558,743.42302347819,557.377870686849,223.855876668294,156.289496612549,608.662894694011,231.049495442708,91.4783067067465
"204",1995-12-01,413.070370581842,258.362959338773,178.180300804876,233.474672871251,177.808423934444,73.4566063419465,46.2126021846648,264.72841668898,151.280828660534,61.7498627939532
"205",1996-01-01,237.359735796528,163.876055071431,123.334595218782,98.5586190992786,72.895692271571,32.4826717376709,16.8482890898182,153.787351546749,84.8359461138325,33.5756198513892
"206",1996-02-01,163.800223514951,116.109445506129,84.7945709228516,67.7554316027411,50.4552539956981,21.3410655054553,14.6719117329038,111.423870744376,54.5170102612726,23.1235148331215
"207",1996-03-01,146.17974164409,98.6796648579258,69.9490696076424,58.0062974499118,42.3459208088536,14.9967367110714,14.0442536261774,78.0434562929215,28.9482761506111,13.4229570511849
"208",1996-04-01,291.700352478027,217.32505162557,156.827163696289,105.827551142375,85.8224550882975,26.2564281781515,37.9886189778646,132.810848490397,72.8323460261027,44.4357049942017
"209",1996-05-01,650.066743912235,426.953722307759,302.976880719585,327.827047778714,257.699897396949,72.6765468966576,60.0192554843041,526.183978911369,273.86332321167,143.159259057814
"210",1996-06-01,697.127065022787,441.762719726563,314.241637166341,270.431904093424,186.772057088216,50.5259331385295,51.711852645874,486.081575520833,219.09582901001,114.89241027832
"211",1996-07-01,1258.85962701613,678.861654958417,380.242615730532,541.122505926317,378.5684629871,63.1212881149784,121.299923250752,510.159954440209,208.336577876922,118.973718212497
"212",1996-08-01,2387.18957125756,1215.60622676726,633.639285179877,1420.63672859438,986.823399697581,145.059128545946,339.794723510742,712.254916283392,169.49317415299,103.339928165559
"213",1996-09-01,3839.89973958333,2011.81644897461,996.033104451498,2029.81341349284,1442.43982035319,253.358145395915,499.53603922526,1369.36708170573,363.665408325195,211.470811462402
"214",1996-10-01,2469.6293000252,1141.42321580456,674.178039550781,1248.35477373677,810.658655966482,153.522449616463,225.218668783865,1410.4607484879,427.126003142326,258.700547741306
"215",1996-11-01,1522.48598836263,877.23603922526,591.066180419922,1203.40514322917,901.776803588867,262.057271067301,228.082686360677,1040.73452555339,437.116850789388,227.918222554525
"216",1996-12-01,683.264567713584,459.265499976374,348.973263648249,442.560158514207,343.588835685484,149.078297276651,87.6172881587859,662.639993975239,412.367584228516,155.230844313099
"217",1997-01-01,297.359574348696,199.623515959709,148.570451797978,143.605977704448,110.740836851058,49.883657393917,27.553288736651,278.184380315965,161.085430760537,59.5511098677112
"218",1997-02-01,208.330870492118,147.24918283735,105.890865325928,93.609548841204,70.8303785324097,30.1075731004987,19.2467651707785,189.930740356445,81.53466796875,42.0036604745047
"219",1997-03-01,153.656962240896,112.601407697124,80.3260884438791,72.6393567977413,54.4411499269547,20.4820917806318,16.2779473335512,108.302651928317,40.5924244542276,20.0432879540228
"220",1997-04-01,352.624596659343,292.10179494222,209.632039642334,139.757196299235,108.499575424194,45.4267802556356,34.2664813995361,186.536914316813,96.9816530863444,54.146474647522
"221",1997-05-01,688.926737139302,491.02588382844,338.099000992314,249.765782017862,185.437645696825,56.3157052686138,75.5906899359918,297.635093442855,149.043220027801,82.3573146943123
"222",1997-06-01,899.026574707031,498.162668863932,332.395900472005,317.789735921224,183.778974660238,29.0632955551147,60.0888000488281,255.079437255859,87.9696370442708,41.8636957168579
"223",1997-07-01,2303.86949502268,939.585608697707,569.751795614919,726.881792622227,408.242847073463,45.4476127009238,124.070706890475,576.775216379473,159.364587845341,84.2295452240975
"224",1997-08-01,3991.08256678428,1634.05115533644,808.095602712324,2021.5364281439,1278.39530698715,112.184608705582,361.77403406943,1316.21106350806,254.957517562374,144.224275404407
"225",1997-09-01,3034.30255940755,1578.00101928711,898.304083251953,1668.85510050456,1107.1640625,155.567151133219,283.418211364746,1459.94774576823,294.961052958171,147.611769358317
"226",1997-10-01,2448.88707511656,1345.59933176348,806.611128284086,1448.39169409967,1018.93880142704,199.288427783597,274.696035323605,1673.12849672379,457.492424749559,206.884783344884
"227",1997-11-01,768.202856445313,506.73205464681,381.497616577148,362.308026123047,267.917189788818,90.7277539571126,66.5319388071696,509.065103149414,221.24436899821,106.95892791748
"228",1997-12-01,255.387093328661,164.938393131379,122.862692556074,109.004875183105,81.7138524209299,32.6572086580338,20.8646099644323,159.576331353957,67.7253709608509,34.5297482398249
"229",1998-01-01,151.596420780305,93.2673987111738,62.9431915283203,67.8027834738455,48.3229905405352,17.4328742796375,13.5367308893511,102.760413385207,35.3952959122196,18.1959163911881
"230",1998-02-01,133.970912115915,94.5947529929025,62.4916095733643,56.4901933670044,40.3560232434954,14.5447288921901,12.4939238684518,89.9293354579381,31.411041872842,17.1908990996225
"231",1998-03-01,136.198355151761,87.5588019586379,57.9110577491022,52.1738579042496,37.9977409608902,13.0989054710634,12.1944192763298,80.6186326549899,28.159149354504,15.2981564306444
"232",1998-04-01,138.944925689697,117.044465637207,82.5817319234212,60.7024677276611,47.6746895472209,19.9724853197734,18.1885323842367,100.480936940511,45.917512512207,30.4549837430318
"233",1998-05-01,304.277134064705,239.870363050892,167.321770452684,152.224854992282,110.479415032171,29.3094157249697,44.3098353724326,190.088055764475,110.663218098302,63.3649176935996
"234",1998-06-01,697.137905883789,351.508928426107,239.711323547363,223.57562306722,130.560135650635,20.3411307017008,42.4667598724365,254.429709370931,118.606118774414,71.1115969340006
"235",1998-07-01,851.01402725712,367.674679171655,224.623655011577,282.339609945974,145.031544839182,22.535574513097,40.4936584349602,315.302556191721,168.538222774383,100.299019352082
"236",1998-08-01,1239.99079550466,566.856473861202,336.161104756017,612.022917716734,376.324734595514,85.9236026886971,103.623189495456,614.797302246094,255.801872007308,152.199422282557
"237",1998-09-01,1661.0465250651,762.083857218425,465.346807352702,826.073146565755,491.984266153971,76.3329708099365,117.050308227539,585.383625284831,207.472332255046,128.80768737793
"238",1998-10-01,2350.6621999433,1304.9170827558,797.5967289094,1341.17724806263,890.9551273469,163.751719813193,275.356286817981,1749.21481815461,503.093269594254,269.687904111801
"239",1998-11-01,1154.90498046875,836.896596272787,631.89635925293,576.153506469726,447.032533772787,180.169006856282,115.400847880046,1572.21701049805,1041.21277974447,424.968829345703
"240",1998-12-01,841.254613076487,578.640028430569,461.896912605532,501.221816524382,399.077825730847,207.015717044953,62.0338417791551,1451.01011411605,787.30716336158,288.269268405053
"241",1999-01-01,327.353351716072,230.342921103201,180.073130453786,186.51228578629,141.765286107217,66.4935082466372,27.177035239435,475.212327526462,230.731730061193,79.3047548109485
"242",1999-02-01,199.3166847229,134.904091971261,100.22930417742,88.7766154153006,65.3033620289394,28.978180544717,15.5421542099544,166.437294278826,71.2382811137608,27.0626522472927
"243",1999-03-01,165.563895440871,113.799406974546,78.4539929051553,73.6426278391192,53.6221379926128,18.706001404793,17.3299786967616,117.288853553034,48.4930155354161,24.0754865215671
"244",1999-04-01,315.627287801107,236.541475168864,175.055818939209,191.899613698324,116.964890797933,29.3993264516195,31.106062189738,237.189404042562,121.537121963501,80.763470141093
"245",1999-05-01,842.136265908518,605.809709118259,435.194458007813,321.800575994676,230.194795177829,72.3931098445769,63.9326138650217,618.533258253528,275.515960693359,141.510255382907
"246",1999-06-01,1321.97156778971,612.243966674805,416.484609985351,532.970770263672,317.444395446777,57.7068841298421,76.261084874471,853.701373291015,241.523467508952,131.966433970133
"247",1999-07-01,1659.40501354587,717.499286282447,416.026198848601,658.144357004473,416.520109115108,53.4552080708165,131.167490682294,558.352212229083,204.126111430507,121.632727838332
"248",1999-08-01,3246.40397791709,1400.17532840852,725.180767428491,1684.30307695942,1042.58619148501,115.923404324439,289.275542228453,819.112135364163,238.450632402974,158.83216439524
"249",1999-09-01,1810.93434244792,891.380826822916,541.152849324544,826.387707519531,522.398568725586,78.1500522613526,124.633141326904,828.729998779297,306.696871439616,205.531455993652
"250",1999-10-01,1693.44946682838,841.390211536038,517.390172158518,870.619756883191,589.504246865549,139.577633765436,160.272068638955,936.475339827999,373.104504492975,227.845282277753
"251",1999-11-01,2396.4466023763,1619.05642496745,1155.37054545085,1176.12282511393,893.274136352539,320.366090393066,252.332206726074,1215.49903767904,518.197473144531,291.61178894043
"252",1999-12-01,949.566666141633,690.025771602508,532.844173308342,464.121163645098,365.756252657983,161.845270956716,92.5043907165527,707.432046213458,421.321751748362,169.553520202637
"253",2000-01-01,331.840027347688,222.690850042528,167.535385870165,144.575266438146,111.396703904675,53.6199867494645,26.0652418444234,280.029329853673,157.890721228815,64.037970512144
"254",2000-02-01,241.431779006432,204.45607205095,162.105956505085,94.305765086207,71.9970803096377,32.8632253449539,17.2029302202422,163.258484412884,74.1631509188948,33.6198405561776
"255",2000-03-01,265.601741667717,192.566630455755,141.019466769311,74.181395007718,54.2225873393397,18.9545715701196,16.6932096481323,135.203651428223,60.9993145850397,32.2630907489407
"256",2000-04-01,378.173543802897,315.957267761231,244.812249755859,90.6282681783041,67.1739144643148,24.8842915534973,22.1697838465373,224.427332814535,125.710486475627,71.3619737625122
"257",2000-05-01,681.206741825227,500.731037755166,382.197543236517,157.154730273831,102.007931247834,27.7942364908034,34.4835385353334,224.721678703062,79.4919077965521,43.8440506227555
"258",2000-06-01,1041.3568745931,593.229467773437,418.030809529622,473.722399393718,310.534317525228,62.0579075495402,62.2354282379151,819.070764160156,214.849169921875,94.0479825337728
"259",2000-07-01,2513.47051017515,996.4516847672,620.762642152848,1100.72946166992,659.123171898627,84.5629993561776,145.712587171985,969.253947596396,219.514917681294,112.641868837418
"260",2000-08-01,2349.08210212954,1076.57725081905,704.910927064957,885.889865013861,522.31008812689,56.0745731476814,129.159585768177,711.470228625882,195.812377437469,120.899370008899
"261",2000-09-01,2862.70841064453,1251.46389770508,770.558015950521,1313.33711344401,786.489815266927,79.3681955973307,219.389480082194,1249.33735148112,309.65846862793,175.49294535319
"262",2000-10-01,2128.28381347656,1150.3414444462,736.734874110068,1229.70388498614,917.699201030116,248.042494373937,299.756001134073,1810.74881670552,631.31579983619,333.884441744897
"263",2000-11-01,1282.32209676107,838.709785970052,566.264923095703,742.479956054688,549.464685058594,170.278815205892,157.194194793701,939.311564127604,330.52633005778,149.7366259257
"264",2000-12-01,527.613398398123,386.202436877835,292.06284504552,228.143850018901,179.6808661184,82.4628400494975,42.7963276524698,403.754445229807,249.64653851909,111.828105557349
"265",2001-01-01,281.688400268555,206.472822127804,158.521871751355,107.030269745857,82.1495313336772,38.2914821870865,18.8793579839891,192.872530045048,104.256907801474,42.7223449214812
"266",2001-02-01,176.178062438965,118.257019315447,84.9607146126883,73.7391362871442,54.3756769725255,22.4713387489319,14.3803539276123,132.572808401925,57.955160685948,25.1791981969561
"267",2001-03-01,163.420525335497,137.693200880481,101.377000870243,65.9627187175135,49.398067105201,22.1108161557105,16.3095592683361,109.52239670292,51.3517814144012,28.3947417351507
"268",2001-04-01,236.807602437337,161.058113861084,116.393859100342,80.3405475616455,60.7647248586019,21.0646283467611,18.1221424420675,178.46576385498,77.4191841125488,34.2908873875936
"269",2001-05-01,741.659420382592,567.769696143366,359.010717822659,250.956457322644,158.197668998472,42.9388521255986,55.5877421286799,186.083278779061,83.2888897311303,44.4323854138774
"270",2001-06-01,1159.57255452474,674.524282836914,447.9533106486,238.973203023275,146.831392161051,24.4887616793315,59.4923357645671,236.412856547038,125.405334218343,71.2212443033854
"271",2001-07-01,1838.4901280557,806.714223554057,455.890084543536,532.43008718183,305.188036026493,30.1305549375473,78.4622192382812,302.952990131993,81.0635097872826,46.3526640245991
"272",2001-08-01,2388.63454904864,1071.11964071951,605.787615376134,1139.28084933373,711.857169366652,97.3513483847341,198.302541302096,632.711405108052,177.86279296875,99.5033329379174
"273",2001-09-01,2765.41975911458,1310.16793823242,761.00051574707,1251.76246744792,782.490124511719,74.0788489023844,218.898655700684,817.697306315104,196.315547943115,122.833828226725
"274",2001-10-01,1405.8047938193,618.215329077936,368.613461402155,671.463795323526,430.962637624433,64.2251098386703,115.368127638294,820.044159919985,374.295905820785,249.875052913543
"275",2001-11-01,627.169955444336,340.876807149251,244.047759501139,302.608580525716,204.070336914063,56.1575709025065,51.4379659016927,464.678429158529,233.134508768717,142.158928171794
"276",2001-12-01,328.43162585843,243.794490691154,195.401809200164,122.197492784069,91.290530789283,36.4738028741652,26.5242189591931,203.592977216167,106.001870186098,56.3609915702574
"277",2002-01-01,267.65161871141,197.759745444021,158.202718673214,80.7012841009325,58.4061412196006,23.1387522297521,15.4418574610064,107.232226710166,40.8877860038511,22.1206250344553
"278",2002-02-01,163.787636893136,105.428228378296,74.7741079330445,59.832428250994,41.8243301936558,14.4790401799338,12.6803514276232,83.0029972621373,28.6714136259897,16.579462494169
"279",2002-03-01,117.185975105532,102.783920780305,70.0659697748,51.5146302253969,39.1049297701928,16.4032591235253,16.8151068225984,72.5292028611706,25.26208373039,15.1482257843018
"280",2002-04-01,264.694497680664,185.708994801839,132.546798451741,80.5732589721679,58.2906433105469,15.1505691846212,21.759983698527,75.3587148030599,31.1127511978149,18.8728982607524
"281",2002-05-01,423.778474377048,391.160147636167,257.895974928333,185.147454661708,137.883633029076,23.1019379092801,46.6114603780931,102.344624550112,54.9885304358698,30.6139402389526
"282",2002-06-01,892.515614827474,485.005670166016,272.980050150553,340.031784057617,201.359275309245,24.926059850057,71.5575622558594,284.204630279541,113.099786376953,60.5626409530639
"283",2002-07-01,1824.25834803427,789.211461221018,415.026056105091,689.060842206401,387.443951514459,31.4057699634183,96.7856659427766,287.386512510238,57.3475900465442,28.3825540850239
"284",2002-08-01,3424.98579259073,1645.81755804246,820.207662274761,1573.54256316154,1031.18714166457,107.292834128103,346.121183333858,802.237430695565,260.961082704606,151.942226840604
"285",2002-09-01,3982.13523763021,1855.16437174479,1061.51230265299,2142.51866455078,1393.53004150391,227.084094746907,438.381707763672,1504.31746419271,334.946379089356,158.614326477051
"286",2002-10-01,1927.86959740423,986.855017877394,587.987682711694,1176.40123330393,800.90624015562,166.245137860698,213.608583511845,1177.52482358871,290.394126153761,138.79407378166
"287",2002-11-01,611.257881673177,364.863154093424,263.639334106445,261.89171854655,186.45802154541,58.6719384511312,50.9738456726074,430.861635335287,237.108840433757,131.552492014567
"288",2002-12-01,299.964612407069,220.586050218151,175.320079188193,105.14266697053,81.7481219383978,37.9771260907573,21.4769439081992,215.280216832315,136.852984274587,77.5704154968262
"289",2003-01-01,222.663904005481,154.978587981193,118.565869731288,78.4821073470577,57.7692466243621,25.9554629787322,13.7613051629836,127.539760958764,59.2283304276005,32.0255924347908
"290",2003-02-01,161.41153717041,126.239811761039,94.799966267177,59.0499469212123,43.1907393591745,17.8030887331281,12.702922310148,84.1862002781459,33.8982244900295,19.1709316117423
"291",2003-03-01,180.114417783676,145.710028617613,108.73781265751,55.0435346787976,41.7824522449124,16.1125205255324,15.1387324179373,71.2095144948652,28.8151947144539,16.960594084955
"292",2003-04-01,265.153406778971,237.472764333089,182.719073740641,63.6994481404622,48.719934463501,16.6282476743062,19.1815810521444,72.3791110992432,31.1106948216756,18.0400145530701
"293",2003-05-01,631.29038952243,369.795167984501,260.579757198211,233.7002173393,128.116641383017,37.3910419710221,44.3652082258655,298.439022925592,126.538523151028,81.8160905838013
"294",2003-06-01,962.50657043457,551.891760253906,363.830584208171,308.884447479248,205.360567728678,46.4637532552084,74.7086123784383,354.959221394857,145.875248463949,81.8380220413208
"295",2003-07-01,1058.91859091482,492.633459275769,315.32059355705,418.365629626859,261.69801552065,46.8092741197155,72.2846597240817,431.584859540386,165.799639055806,91.5662279436665
"296",2003-08-01,2511.01329385081,1117.28573116179,632.970522972845,1122.1298335906,647.668389105028,70.1062027715868,194.619132749496,586.675182711694,138.417195473948,81.6400551334504
"297",2003-09-01,3290.48055013021,1704.41722412109,1069.68837687175,1559.51137288411,971.661138916015,98.5962865193685,302.977737426758,980.332419840494,207.74691212972,124.701080576579
"298",2003-10-01,1842.84841623614,955.373558782762,624.55530868038,1039.56846175655,708.64509828629,167.229354366179,168.841255434098,964.310944587954,327.620014313729,193.280581812705
"299",2003-11-01,627.190938313802,350.506470235189,254.570511372884,333.090304056803,231.263106282552,75.6542626698812,52.9914568583171,396.471109517415,154.209252929688,81.2626672108968
"300",2003-12-01,316.302958826865,237.549635364163,194.538965040638,120.80266054215,91.1676399477067,43.7193892694289,20.3760759907384,149.387204570155,66.0856106665827,33.1950591917961
"301",2004-01-01,236.550513482863,170.978020452684,132.139951890515,80.4122508879631,61.102791078629,29.4380564535818,14.8172004761234,92.5203567012664,34.1867398292788,18.7440487646287
"302",2004-02-01,159.800301387392,104.547675560261,75.1204089460702,63.3984455240184,45.4010145253149,19.0646270554641,11.730890800213,74.3486525436928,23.1947137240706,14.2953756924333
"303",2004-03-01,119.377896708827,96.5290104035408,67.2110760596491,50.9963751762144,37.2705987499606,15.4450588533955,13.4472791610226,66.2178524386498,24.4885464329873,16.4949830885856
"304",2004-04-01,316.657525126139,262.937869771322,184.978790283203,105.511568450928,80.6773915608724,26.9257798194885,30.7857266743978,120.551891835531,71.0912797292073,48.7658599853516
"305",2004-05-01,547.860459850681,376.972643944525,264.022411961709,141.781929877497,97.2757770169166,28.7499297357375,40.2475929875528,132.321368801978,63.3182796970491,39.9563298379221
"306",2004-06-01,1078.97714335124,589.943215942383,356.576961771647,393.015795898437,268.328839111328,42.7242701212565,109.389445368449,296.393458048503,103.572094726562,63.6798698425293
"307",2004-07-01,1197.27874755859,613.167279643397,409.887170607044,399.191942276493,222.219345584992,33.6225480110415,74.5814485857564,334.244765250914,129.918890553136,79.4434402834985
"308",2004-08-01,2822.76653855847,1180.33962914251,677.12053655809,1280.01482366746,772.411942020539,93.9599167608446,237.021197411322,790.443711803805,195.291427858414,111.924553409699
"309",2004-09-01,2821.27349039714,1351.30388997396,746.506577555339,1245.67521362305,760.80820719401,84.1666559855143,236.533114624023,751.415360514323,170.349027252197,103.98695119222
"310",2004-10-01,1044.00622558594,529.381745861423,321.79141530683,509.857660108997,317.270561464371,41.7928620000039,93.7465100442209,453.168919224893,103.473573254001,64.3036128013365
"311",2004-11-01,273.641220092773,153.571381123861,107.483418273926,115.607873280843,78.0338083902995,23.6177890459696,25.2326047897339,128.02486521403,40.8124302546183,23.8677956899007
"312",2004-12-01,256.903095368416,202.520014116841,169.820552702873,86.3046689187327,66.2084542551348,28.8394688021752,15.1515993302868,88.0288885793378,35.6990923112439,16.6662277406262
"313",2005-01-01,167.424535443706,110.979685629568,85.6245056890672,54.4561200295725,37.6295478574691,14.0830150112029,10.9009368958012,61.7765698586741,16.7595253913633,10.9821645982804
"314",2005-02-01,112.916223526001,68.5543185642787,47.0861112049648,42.0601994650705,28.2702986172267,9.74072054454259,9.52430350439889,52.4187394550868,13.2991803714207,10.2125480515616
"315",2005-03-01,94.2871110977665,75.518859001898,52.261050931869,37.6597948381978,27.4036686804987,10.541227955972,11.173452408083,46.8229576849168,13.4137655996507,9.96441994943926
"316",2005-04-01,194.234767150879,158.898909250895,122.834774271647,51.0226257324219,38.9735533396403,14.7051829973857,16.6056543668111,44.7989800771077,16.6263105710347,14.4431481361389
"317",2005-05-01,290.55740011892,231.728844427293,169.187370300293,97.0072319276871,68.1754549088017,18.9054741705618,28.512035369873,136.480397132135,108.707024235879,73.1531615718718
"318",2005-06-01,551.916839599609,294.193622334798,199.459038798014,170.659622955322,108.873150634766,19.842894744873,48.8239773432414,164.223094177246,89.0329339345296,53.2419069290161
"319",2005-07-01,1390.4346766318,670.298755276588,409.984791417276,432.867016207787,286.460971463111,44.1154431066205,128.265783248409,310.144244286322,140.289690571447,82.9687600904895
"320",2005-08-01,3719.09108020413,1651.65333212576,829.498365832914,1807.97399508569,1130.22315437563,107.968840076077,371.225034652218,739.112340127268,159.786247499527,98.723651024603
"321",2005-09-01,3057.15255533854,1468.02444661458,829.748712158203,1667.48750813802,1117.21255086263,213.421282450358,310.363660176595,1758.20353597005,489.979638671875,244.652245330811
"322",2005-10-01,1411.40402910786,790.208800285093,533.812422229398,767.162652784778,533.913945351877,123.003753416,149.939989151493,828.049460134199,263.119819887223,131.768338111139
"323",2005-11-01,699.661407470703,493.910792032878,400.98198038737,282.009227498372,215.679390970866,71.307623163859,68.7713320414225,281.370732116699,121.298751831055,64.6566733042399
"324",2005-12-01,378.900166173135,306.734164822486,250.736320249496,157.490640455677,133.796384749874,78.9350115868353,30.858366627847,497.630338607296,447.303137010144,227.115977871803
"325",2006-01-01,263.001424481792,193.396378547915,153.791312925277,105.444318217616,84.0495593163275,45.6454334874307,18.4667678340789,267.474349975586,177.494601588095,88.3155063506096
"326",2006-02-01,158.566463470459,105.689984185355,77.6061109815325,65.3625196729387,48.8750998633248,21.4462830679757,13.766434941973,113.587808064052,56.1425409317017,27.2414759227208
"327",2006-03-01,132.593194776966,89.9457205495527,63.958862550797,53.7481925718246,40.4806524707425,16.1998501746885,15.5470289414929,85.9106858776461,44.4097757031841,24.1739339828491
"328",2006-04-01,249.337592061361,186.728036753337,140.450553131104,82.718616104126,62.5012293497721,21.8230021158854,22.78568983078,99.7692619323731,48.4084838867188,27.0076874732971
"329",2006-05-01,415.467284171812,351.067399547946,266.167615090647,125.139084354524,88.3869788877425,29.6383022492932,36.7282508111769,236.21228913338,98.7125535780384,63.094119410361
"330",2006-06-01,579.511073811849,354.998798624675,241.723291015625,179.096743774414,116.466854858398,32.8461069424947,49.5798498789469,272.189293416341,154.138972473145,104.841984939575
"331",2006-07-01,2289.57145838584,932.647248298892,528.763297788558,1033.43748424899,652.60111359627,91.0091606878465,225.084615399761,1025.36063508064,376.291356732768,176.671114767751
"332",2006-08-01,4811.92104807208,2541.48106728831,1690.95782273816,1994.19425718246,1217.45472766507,127.718408892232,359.863403812531,2036.0163062311,437.537890034337,199.945188953031
"333",2006-09-01,3296.28541666667,1888.73446858724,1164.65217895508,1658.05504150391,1156.07860310872,213.363073984782,312.41342010498,1442.92053222656,399.903772989909,214.879656982422
"334",2006-10-01,3894.52828881048,2386.00035439768,1373.74651312059,2451.40162314138,1833.86774862966,392.678124704669,525.215167630103,1354.06805026147,359.725239907542,167.088409669938
"335",2006-11-01,707.853888956706,382.823881022135,222.404130554199,377.920652770996,264.090063730876,65.9830862681071,69.1815743128459,477.343240865072,188.091967773437,88.2372859954834
"336",2006-12-01,239.31169128418,176.796545705488,136.408322488108,101.096796835623,77.3769063641948,35.2227598005726,20.8051781500539,142.540589363344,61.9454227570564,28.7908136306271
"337",2007-01-01,251.954168012065,200.977301320722,164.69832586473,79.2989903111612,62.3094934032809,34.2871496139034,14.2674311053368,114.880281756001,52.6823820298718,23.9594686569706
"338",2007-02-01,183.03679221017,137.282190595354,103.165625980922,59.9234857559204,44.0459707805088,19.2881581102099,15.0041598933084,87.3805146898542,31.4788788386754,16.7623139449528
"339",2007-03-01,233.498497255387,200.638460959158,153.065321645429,64.0318169132356,54.2317269848239,21.2178111845447,24.9927137128768,83.0456437141665,38.1199168543662,22.8704665707004
"340",2007-04-01,257.556523640951,189.986768341064,133.059189097087,74.2409525553385,55.3005563100179,17.0070222854614,20.0740516662598,99.1970898946126,40.2278099060059,22.2012622197469
"341",2007-05-01,693.929906045237,503.977894936838,345.524867150091,224.345571948636,160.278819299513,45.5947112421836,67.6235140523603,391.668404856036,178.193344977594,98.3738016928397
"342",2007-06-01,529.897486368815,346.009419759115,238.091451517741,177.984690348307,126.138664754232,34.78252881368,42.6684321085612,385.586934916178,209.28325398763,129.419515482585
"343",2007-07-01,1710.98344962828,657.574294551726,386.574976767263,551.264802994267,323.509044031943,44.7268442953787,108.696341976043,577.772659793977,182.514619888798,111.689098235099
"344",2007-08-01,3818.05140341482,1468.29479389806,775.723383749685,1937.08801663306,1134.92082657353,117.445303886167,318.844795965379,2874.83353153352,954.107386927451,382.847428598712
"345",2007-09-01,2359.20913492839,1159.57267252604,656.299338785807,1246.58816935221,768.080328369141,123.573610432943,212.433459981283,1595.33133138021,532.320743815104,294.376023864746
"346",2007-10-01,3249.77787140877,2066.93034510459,1453.52770011656,1409.03339607485,991.408783943422,239.211814142043,313.302637407857,2118.24727901336,868.230506158644,412.944637175529
"347",2007-11-01,1647.48914388021,1077.7958597819,765.433147176107,873.711973063151,664.48215230306,284.022889200846,169.345364888509,1721.87080078125,867.596813964844,313.701818847656
"348",2007-12-01,583.512057396673,371.378266365297,265.04226340017,365.510043728736,265.504380749118,113.733571944698,58.2533811753796,739.502232705393,285.752579227571,109.481922764932
"349",2008-01-01,242.827278383317,167.372793874433,122.914075789913,118.199794646232,89.3621592367849,39.6561754903486,22.9576222819667,245.542353968466,112.9040896508,41.9464478646555
"350",2008-02-01,172.243590256263,117.277364007358,84.283524348818,79.6890795477506,57.4627557951829,24.1397606422161,14.9368541322905,133.693107078815,57.4670369378452,24.7876425775988
"351",2008-03-01,188.893867246566,132.21773873606,94.4822838075699,74.3837863552955,60.9389108227146,27.9852844361336,23.1745156318911,123.281754770587,54.1522982197423,24.5733886226531
"352",2008-04-01,265.057791646322,163.504391988118,115.718758392334,108.40829111735,83.7568918863933,27.9276397069295,27.0367269515991,122.35951385498,55.4635438283284,27.5537740707397
"353",2008-05-01,782.451257521107,504.966788507277,341.826515936083,386.760404525265,296.52579030683,89.9795087998913,114.118033193773,287.693556262601,156.603641633065,86.8446289800828
"354",2008-06-01,808.127722167969,396.620568847656,268.057752990723,237.674631245931,141.876849110921,28.7905652999878,38.7695185979207,254.548956298828,115.844026692708,63.4048405329386
"355",2008-07-01,973.758446478075,389.490533644153,244.743968348349,360.674768755513,215.666336551789,46.5599088361186,79.6050358433877,327.674290810862,163.52210580149,93.4085826258506
"356",2008-08-01,2212.77031486265,963.017639160157,542.762321226058,1077.89650603264,668.672275666268,87.4270164735856,195.810624153383,692.708298221711,250.45361820344,148.64044755505
"357",2008-09-01,2127.04700520833,970.102482096355,628.537215169271,909.588728841146,577.234470621745,111.974402364095,194.364513142904,847.518790690104,306.441406758626,186.031555175781
"358",2008-10-01,2071.68036085559,1069.16908116494,697.972622779108,1081.64155430948,731.84280297064,175.226223114998,207.229902698148,1019.01432554183,357.807456724105,206.568239273563
"359",2008-11-01,1488.18367919922,762.105830891927,525.658894856771,582.95432027181,390.214415486654,128.421948496501,120.31995010376,1005.82106119792,509.902768961589,246.543885294596
"360",2008-12-01,642.713499992125,415.481639246787,316.883169358776,269.225906864289,199.725892589938,93.8053738993983,49.6872522907872,521.611825266192,319.207874913369,169.757958935153
"361",2009-01-01,363.418877386278,285.861659880607,231.061600223664,125.036347666094,98.2064034246629,48.9724399197486,24.0638759366928,321.488509147398,209.46240234375,108.823554746566
"362",2009-02-01,207.696275438581,135.234342302595,99.40374483381,77.9094445364816,57.4902443204607,24.4580204146249,15.3391619409834,141.756375994001,71.2195621218,37.2443067686898
"363",2009-03-01,167.176590950258,133.451599859422,94.56940743231,76.0773381879253,56.4744250389838,21.4742062476373,18.6681098630351,115.022712953629,55.7745686192666,32.9132619057932
"364",2009-04-01,411.370525105794,291.065466308594,208.162042236328,202.376403808594,124.981834920247,63.5674966812134,50.0969185511271,189.315386962891,125.401487223307,81.2146117528279
"365",2009-05-01,759.473054947392,517.631271854524,376.942770681074,449.743628225019,335.544463619109,156.694364855366,78.5275915822675,494.485058199975,259.963338544292,134.509129678049
"366",2009-06-01,1176.94314778646,535.391924031575,354.547987874349,453.303197224935,289.092053222656,96.1941212972005,80.8003968556722,432.278669230143,154.501571655273,89.3905766805013
"367",2009-07-01,2458.93331810736,1053.87815709268,553.897306872952,1144.55577628843,668.117422288464,100.18379112982,208.122598832653,653.535633702432,188.921359892814,118.083024794055
"368",2009-08-01,3203.68870888987,1515.06033226751,795.669677734375,1635.27546544229,1042.96054569367,118.398581474058,332.747263754568,914.078168315272,251.556676556987,173.866770836615
"369",2009-09-01,3416.04938151042,1921.87234700521,1109.31508382161,2983.66671549479,2331.4129292806,698.282895914713,620.631824747721,3285.59746500651,894.200048828125,489.012780253093
"370",2009-10-01,4280.30022602697,2492.50383733934,1550.42791944934,2748.35469695061,1984.84056435862,465.447560956401,533.877128354965,3307.74928726688,911.219108335433,386.490894932901
"371",2009-11-01,1105.20412190755,655.372750854492,437.823582458496,946.167835489909,725.370864868164,291.856386820475,163.499682362874,1341.06163736979,427.039161682129,156.704336293538
"372",2009-12-01,356.465946320565,221.279080298639,153.815832322644,235.866853283298,178.169228830645,68.8671444308373,42.3089072935043,318.042295886624,120.972351566438,46.4748702510711
"373",2010-01-01,197.694821265436,137.550106909967,99.0750023626512,95.803955570344,71.8328912796513,31.771696705972,17.5361063557286,150.344463225334,74.8003709854618,35.1014044977004
"374",2010-02-01,174.80521610805,113.398135049003,80.9205581120082,73.0007288796561,52.4233883449009,20.9728957584926,14.0906131267548,116.47013092041,45.776668548584,21.931916304997
"375",2010-03-01,137.103353192729,85.4413198655651,56.9078059042654,64.0561151812153,46.4850529086205,17.4849782451507,12.8058729171753,102.351275044103,41.5661852436681,19.5213259420087
"376",2010-04-01,174.781708017985,154.492585245768,114.945579147339,69.1786357879639,53.711866124471,19.1487660090129,22.2143250465393,99.0490442911784,52.0243301391601,32.328539276123
"377",2010-05-01,458.766732000536,359.347949612525,277.109145133726,130.664967936854,94.8506621083905,35.6936535989085,35.0102983905423,182.780153582173,107.381506642988,67.9745290817753
"378",2010-06-01,514.428440348307,302.234793599447,210.095232137044,192.25608215332,122.746712493897,32.9961870193481,40.1641352971395,310.952844238281,209.389145406087,116.862109375
"379",2010-07-01,859.773801742061,443.339771886026,271.821986536826,352.041227279171,237.214989692934,54.2164456152147,95.698920834449,457.832488029234,302.045551423104,182.990448736375
"380",2010-08-01,1717.11896342616,766.733774492818,501.553904871787,608.207186791205,352.45323328818,59.7592443650769,131.04957309846,712.653633363785,330.801174040764,186.201961394279
"381",2010-09-01,2093.49684244792,999.964404296875,614.832888793945,843.829665120443,507.667636108398,83.7015224456787,170.738575236003,795.71074625651,340.066775512695,188.513251241048
"382",2010-10-01,2309.50367786038,1103.00443193989,663.935223979335,1111.60756560295,702.760788456086,144.689671424127,175.371262581118,1303.30832401399,675.748966340096,376.02361519106
"383",2010-11-01,1715.24625651042,1202.39261271159,771.01645711263,855.16230875651,658.28781229655,247.702346801758,181.716259765625,1705.25465494792,1047.88512166341,426.439314778646
"384",2010-12-01,616.14549304593,409.96216558641,269.645109607327,353.656356319304,279.09805100964,108.484888507474,72.0836656631962,798.741479689075,457.044393724011,196.562682859359
"385",2011-01-01,238.796854326802,172.496937905589,131.053217980169,113.177131652832,85.1020785916236,37.6947516164472,20.7417904023201,230.722042452904,124.147650687925,49.5540870543449
"386",2011-02-01,229.971601758684,179.45883832659,143.494325092861,78.553352355957,59.8505288532802,27.9573264803205,13.8548675605229,121.626104627337,53.5440880911691,22.167165688106
"387",2011-03-01,154.843915385585,105.452499635758,75.1058935349987,61.4113851977933,47.4583060972152,20.9891420487435,14.5635171705677,109.533157840852,60.6953172991353,30.1112046395579
"388",2011-04-01,173.697878011068,148.700602213542,109.449439493815,71.2078319549561,56.0165340423584,24.8467244466146,19.9278735796611,124.783325703939,65.0587605794271,34.4905785242716
"389",2011-05-01,768.601382347845,543.933079381143,331.897899504631,249.182093712591,168.368268412928,53.6374346825385,56.7659900419174,231.390316870905,138.075679902107,83.5577358122795
"390",2011-06-01,1460.89228719076,770.651588948567,465.801040649414,664.079043579102,459.525166829427,97.9135472615559,149.953954060872,539.720739746094,230.715047454834,119.772483825684
"391",2011-07-01,1933.30734548261,798.176366006175,446.974460724861,1000.12505906628,620.154508529171,83.5980551935011,182.893159435641,557.205868628717,175.141978602256,111.312539992794
"392",2011-08-01,3088.67946698589,1319.84767987651,725.386840820312,1654.16514735068,1028.48224270728,122.08425558767,271.670746834047,1155.4985312185,321.111897622385,192.375039131411
"393",2011-09-01,3669.73131510417,2075.03981526693,1305.98893229167,1710.71942342122,1257.42184448242,267.423122151693,418.93266398112,1376.17173665365,411.330429585775,211.662140909831
"394",2011-10-01,4007.93627929688,2439.85491352697,1616.18356027911,2126.72992534022,1571.82074368385,407.632651052167,458.316669587166,2039.02482752646,617.979672339655,272.649444580078
"395",2011-11-01,1710.47007039388,1196.92845662435,840.599859619141,877.705401611328,669.819186401367,216.142026265462,205.589686838786,983.071987915039,372.42072652181,155.643444824219
"396",2011-12-01,502.010827833606,371.148789928806,277.148423225649,234.092622818485,182.847077646563,77.9903520153415,46.2911819334953,322.923135572864,155.591011539582,63.5898914952432
"397",2012-01-01,335.700744628906,269.499209988502,210.69728531376,114.267535055837,89.8601625504032,44.8528644192603,21.0441379547119,178.723592942761,99.9766163979807,45.1327160250756
"398",2012-02-01,226.973920624832,157.92031492036,116.181272835567,84.0007345265356,65.6253174091208,30.6780687529465,17.757744526041,135.831617158035,66.7602195739746,30.1149332112279
"399",2012-03-01,230.125544394216,193.32754811933,147.647619432019,99.5484535463395,82.744626937374,31.0173144186697,35.7069371131159,112.531931477208,50.3333956810736,25.1821719138853
"400",2012-04-01,394.217165629069,340.22453435262,252.096916198731,123.503485107422,98.0489190419515,34.1053305308024,42.5641412099203,204.210995992025,128.58463083903,74.5630191802978
"401",2012-05-01,559.259373818674,413.617783084993,280.520805112777,247.462560838269,161.751436541157,41.95285495635,53.7485632127331,271.243933893019,140.363400613108,80.1519580964118
"402",2012-06-01,1568.46292114258,997.38253885905,595.274792480469,626.225603230794,446.65055287679,74.9775643030802,223.563597361247,290.759194437663,116.050486501058,63.7703881581624
"403",2012-07-01,1819.83186586442,854.8116218813,482.499054939516,1154.38806349231,741.954521917528,135.317791969545,194.329840875441,582.077864123929,194.21203760947,108.513383680774
"404",2012-08-01,2513.25247290827,1314.24693249118,698.255445911038,1419.15452526462,942.792858492944,105.535387346821,301.523189421623,664.822399508569,173.920255599483,99.8620440575384
"405",2012-09-01,2744.8041422526,1185.51153564453,684.253582763672,1731.32351074219,1169.9100769043,229.730098470052,329.737552897135,1610.4292948405,449.224801635742,243.778667195638
"406",2012-10-01,1604.94479271673,693.703488257623,412.339994861234,1209.71387309413,821.531640821887,193.843718990203,145.479420077416,2574.47771626134,592.439271988407,256.274276733398
"407",2012-11-01,553.286532592773,304.635647583008,212.092249552409,306.512521870931,212.844315846761,60.9115692774455,46.7893507003784,520.932925415039,177.546444447835,86.0601792653402
"408",2012-12-01,224.499340426537,140.277168273926,104.269616649997,89.7051157797536,64.9220270956716,22.6240813962875,17.2428554411857,128.632910451581,48.6819896082724,23.4884498350082
"409",2013-01-01,169.158264652375,113.089090162708,83.0016541019563,70.6583754016507,51.7617500059066,21.3352766344624,13.5844645346365,109.380696204401,47.5428768281014,22.5580833188949
"410",2013-02-01,134.671726226807,86.0679400307792,60.080653326852,58.0345264162336,42.1337987354824,17.2343837874276,11.8176444598607,83.7429983956473,33.4887868336269,18.8835322856903
"411",2013-03-01,146.529344374134,137.629594126055,101.734834732548,55.4309716993763,45.0575659967238,21.8615756803943,16.0284982496692,83.5640716552734,33.8001937866211,17.7121953041323
"412",2013-04-01,314.65108388265,288.975244649251,206.317078908285,143.542763264974,118.391372807821,40.4544947306315,41.8487375259399,117.96396077474,62.2416606903076,41.1342982610067
"413",2013-05-01,643.537507087954,467.6617441485,352.584933865455,219.000648744645,155.01324782833,58.9886429694391,42.0247032411637,264.938438661637,171.428880260837,111.098293304443
"414",2013-06-01,1052.68771565755,614.690515136719,380.684422302246,555.051123046875,386.059392038981,91.2191699981689,128.572675704956,577.753992207845,227.625081380208,122.924277750651
"415",2013-07-01,2098.28595955141,1158.75766384986,725.743097120715,1141.36276934224,741.630941083354,130.746204253166,157.664339373189,712.103054908014,311.176742553711,193.913246893114
"416",2013-08-01,2683.56149981099,1139.195566485,636.253291960686,1694.76618416079,1087.62724254977,168.398534959362,257.852722167969,1457.04465213899,392.613098144531,229.583396173293
"417",2013-09-01,4713.22183837891,2629.89695638021,1542.52852376302,2261.44974365234,1594.01061197917,333.491202545166,549.065249633789,1651.64156494141,403.71264444987,205.738100179036
"418",2013-10-01,3961.43102239793,2186.12972333354,1313.06741825227,2492.63714599609,1732.09376181326,389.867567000851,426.637238041047,2871.16872479839,634.026604437059,253.620361820344
"419",2013-11-01,1190.61589355469,807.189678955078,575.168869018555,556.536232503255,407.554881286621,123.623891957601,123.854887008667,670.296524047852,271.520739746094,109.04444732666
"420",2013-12-01,461.062243061681,321.948279596144,249.847125145697,173.465554760348,133.909504552041,55.705197980327,39.0941255630985,194.316565236738,91.4198362288937,40.0012654950542
"421",2014-01-01,228.208886423419,163.596005839686,123.148445375504,89.0194077030305,67.7527335382277,32.0559194626347,16.4076419338103,116.718993648406,48.4780918244393,23.4012173068139
"422",2014-02-01,164.530408586775,109.951609475272,78.9026660919189,66.6202680042812,49.011470249721,21.1093689373561,12.4538302762168,93.146274294172,34.1956586156573,17.2709458214896
"423",2014-03-01,129.545684076125,84.31652955086,57.3485568877189,53.6094067481256,39.5389036363171,15.3298220480642,12.4273965589462,80.7419049662928,30.485980679912,15.4006170149772
"424",2014-04-01,270.231855519613,195.374974822998,149.736931482951,94.8260904947917,72.3766882578532,26.4943910916646,26.9423921902975,140.419964090983,76.458607228597,49.9499038696289
"425",2014-05-01,447.753524288055,359.075653076172,263.408636277722,170.896887502363,124.937980159636,41.2988223414267,49.8297186820738,225.737852773359,131.480405253749,84.3871467344222
"426",2014-06-01,1098.08749694824,550.979207356771,342.073533121745,399.109177652995,255.373194122314,39.6531883239746,92.6143436431885,371.289672851563,133.558940378825,79.4575394948324
"427",2014-07-01,2997.90398579259,1259.67228255733,706.365895917339,1307.73205763294,868.37896039409,113.52943494243,294.774252122448,867.252417779738,220.553376228579,126.744502898185
"428",2014-08-01,3561.04111800655,1664.01086425781,879.656895791331,2461.43040417087,1739.90722065587,327.086005426222,554.571383568548,1629.19298135081,341.086157521894,174.442692172143
"429",2014-09-01,2173.05552978516,1019.57451375326,582.273476155599,1408.1892985026,955.642411295572,216.410531616211,250.635781351725,1209.83656005859,391.528094482422,198.269552103678
"430",2014-10-01,1234.40835669733,487.520694855721,287.680532147807,704.000106319304,464.516942178049,98.2509135584678,114.359131105485,783.955706196446,275.471729893838,156.446252884403
"431",2014-11-01,492.599767049154,206.118620300293,139.561361694336,222.690030924479,141.387619527181,38.4445991516113,33.26935227712,327.513554890951,129.436846923828,75.0217435201009
"432",2014-12-01,295.174534951487,220.033216414913,179.560458521689,107.587796611171,83.7300602082283,41.562512305475,21.1863136906778,251.722703995243,170.057029478012,75.8927052405573
"433",2015-01-01,276.620042370212,207.381572108115,166.65259035172,88.5788369947864,68.968067415299,35.5134993522398,15.2367805973176,136.4328736336,67.1575777607579,36.5054427731422
"434",2015-02-01,178.539077213832,141.875361578805,108.821558816092,66.4155695778983,50.1173389979771,23.1890360968454,14.3946586677006,98.2208478110177,39.1174228531974,21.7916975021362
"435",2015-03-01,166.721427917481,101.695970842915,73.0225457222231,57.2891419933688,41.8107668968939,15.2899273903139,13.7262947328629,78.7532198506017,28.5774812390727,15.869223348556
"436",2015-04-01,166.33968073527,128.359972381592,95.2233641306559,60.8132239023844,46.8023527781169,15.8700443585714,17.3075991630554,78.1719830830892,36.8476596832275,21.6340410232544
"437",2015-05-01,384.993311235982,286.930034022177,219.237110507104,137.380135936122,92.5530726525091,28.9420647774973,34.3281676384711,132.305605242329,71.9047359343498,44.0557786880001
"438",2015-06-01,957.080313618978,607.748384094238,366.13522644043,500.592887624105,355.674755350749,72.7090088844299,119.988194592794,284.314152272542,155.743253962199,92.6761725107829
"439",2015-07-01,2277.54637687437,1130.01853007655,591.689839024698,1097.78333602413,700.911192370999,87.7821034462221,273.040589240289,499.910751342773,129.941182290354,69.3890641735446
"440",2015-08-01,2126.94129205519,1114.73964764995,695.56409282069,1014.66620069935,600.701426844443,71.0680286038307,187.564164684665,635.189459031628,250.521751403809,154.906959533691
"441",2015-09-01,2911.3138671875,1399.80149536133,823.733481852214,1346.77216593425,856.680393473307,140.927331161499,268.159238942464,870.149770100911,300.961125691732,184.431586710612
"442",2015-10-01,2123.24416425151,1300.44024264428,777.414203274635,1159.92014435799,865.49578266759,179.489799745621,268.211333244078,1247.38382450227,372.306292133946,211.360866915795
"443",2015-11-01,763.41078898112,453.64420522054,282.270995076497,414.178089904785,313.895631917318,85.3590352376302,94.8876421610514,475.970263163249,151.054404449463,82.4576900482177
"444",2015-12-01,240.424606815461,155.361763246598,107.384660536243,111.499582352177,84.6622687309019,31.5071417900824,23.1818496334937,157.552775475287,73.4717515514743,32.1583889376733
"445",2016-01-01,193.177407049364,148.560688141854,111.983956121629,77.3209920083323,58.8696599160471,26.8886306516586,15.4712616397489,99.8004347278226,36.8139711195423,19.0792801764704
"446",2016-02-01,180.99200018521,129.794350196575,99.1886609833816,65.0258602273875,48.1659766887796,22.355743802827,12.5027065934806,80.3253631591797,27.6822882685168,16.2132026080428
"447",2016-03-01,138.730350617439,95.2033816922095,69.6148340778966,54.1940742000457,40.930904265373,17.2156508045812,11.0873221428163,72.2505496855705,26.1035644777359,13.9287279805829
"448",2016-04-01,111.019644673665,81.1330210367839,55.1707472483317,49.7119897206624,39.2898045857747,16.9107723871867,14.1061075210571,63.1038581848145,25.5704278945923,16.1074580828349
"449",2016-05-01,516.931368920111,456.761778800718,343.737091064453,165.824631721743,127.707959082819,36.6237369968045,63.978091455275,98.9640554612683,52.687152062693,34.4285783460063
"450",2016-06-01,1053.53105367025,532.224478149415,368.260214742025,292.802398173014,202.249147033691,41.2976019541422,88.9615452448527,282.109931437175,174.348431142171,107.471256256103
"451",2016-07-01,2087.81584708921,779.920895484186,507.067535400391,614.244876984627,337.755135320848,48.4173185286983,107.797317997102,584.499465450164,184.418669423749,98.7103825230752
"452",2016-08-01,2326.0745062059,1015.29267144972,530.345951203377,1028.93835252331,637.03855945218,77.4653982347058,206.672387153872,703.559145035282,162.603935980028,86.3602446279218
"453",2016-09-01,3171.3118733724,1534.83452758789,871.853657023112,1443.23448893229,926.876615397136,139.945760218303,272.610590616862,1519.25418904622,342.555281829834,163.23549041748
"454",2016-10-01,2458.5163967994,1164.98913967994,693.253188594695,1499.70147705078,1027.59265924269,236.778235650832,233.264782813288,2508.43926805066,958.225855673513,495.047182144657
"455",2016-11-01,1048.7207417806,573.934467569987,421.536917114258,569.228037516276,385.505532328288,109.673363876343,101.262173080444,1100.99194335938,506.795458475749,255.239389292399
"456",2016-12-01,791.42482929845,602.991903981855,447.92630890877,665.941441197549,578.78915602161,287.565297526698,146.63048713438,506.601168724798,314.381853657384,135.569017225696
"457",2017-01-01,396.994504867061,291.402754752867,220.399191087292,237.174292287519,194.17222029163,97.5293024124638,45.1941428030691,311.408458586662,212.702457058814,88.21289554719
"458",2017-02-01,244.120045253209,179.62665612357,138.713022777012,102.80264718192,79.680093220302,38.4097057070051,20.2658156667437,195.788740430559,117.129119600568,49.7771671840123
"459",2017-03-01,251.117889404297,216.312023778115,168.09879573699,85.1125795918126,63.5902435548844,23.5380304398075,23.4663039176695,134.027562541346,64.8596598717474,31.1145143201274
"460",2017-04-01,525.344367472331,419.744432576497,328.484682210286,145.107038116455,113.543127695719,42.0794692993164,49.2999593098958,166.498153686523,115.433221817017,76.0205699284872
"461",2017-05-01,941.606915873866,788.677297284526,589.342760147587,248.867573891917,190.957942347373,63.764826989943,81.6729610812279,385.33595718876,220.562955548686,125.990482453377
"462",2017-06-01,1398.1087483724,768.565791829427,548.640658569336,326.976188659668,201.924710845947,50.8843174616496,53.8487349828084,466.988394165039,205.761848195394,109.433448028564
"463",2017-07-01,2519.20655084425,1255.48953345514,759.290485012916,977.936253701487,662.390656502016,109.045920894992,225.780425533172,879.901430191532,356.068088654549,199.725594059114
"464",2017-08-01,2757.91048308342,1336.0128922001,755.221086071383,1256.45748999811,803.304494550151,98.1736250846617,251.162191083354,1210.42766349546,432.569003197455,247.850510627993
"465",2017-09-01,1947.92595214844,932.704811604818,547.134842936198,795.825472005209,519.3935546875,90.2603576660156,151.972244262695,932.359395345052,342.561818440755,205.354078674316
"466",2017-10-01,1982.48498928931,898.248245731477,565.750670402281,975.713794339088,649.571187665386,131.585069964009,214.300248915149,1152.25471152029,380.859343497984,219.662754181893
"467",2017-11-01,1371.83263346354,1031.46361592611,795.151608276367,570.231125895182,433.337602742513,167.029623667399,121.704123051961,1175.42061767578,559.909952799479,262.141601053874
"468",2017-12-01,584.887872511341,423.538748464277,327.734687066847,233.06209539598,186.350448362289,94.4521484375,40.6600112299765,574.135862288936,274.036089005009,112.982740586804
"469",2018-01-01,310.058068060106,233.832609607327,181.053368845294,117.456581361832,92.9075009745936,46.5855865478516,21.5882145666307,228.679508824502,115.557477643413,47.3805172827936
"470",2018-02-01,206.461463383266,145.833273751395,109.007519858224,77.4277038574219,58.3306508745466,25.3313809122358,15.5357723236084,133.702622277396,56.5977471215384,25.76531961986
"471",2018-03-01,209.811329010994,159.366601021059,111.730586390342,80.0259010561051,59.8566915450558,24.3285228975358,17.8521456872263,156.490170878749,79.0698412003056,31.193046692879
"472",2018-04-01,173.888789876302,163.076900990804,121.892151896159,70.0923159281413,60.1916906992594,26.3558969497681,25.3902470588684,115.201794179281,50.4823527018229,24.7555524190267
"473",2018-05-01,606.536037322014,485.179012175529,369.006776379001,180.619160805979,119.78661592545,38.8268094216624,45.2408839810279,242.656587170016,110.741007158833,67.3883339666551
"474",2018-06-01,1260.67898763021,624.250731404622,401.064758300781,387.449190775553,240.87837193807,39.9783705393473,93.9022476196289,557.952263387044,136.304322560628,77.5181912740072
"475",2018-07-01,3545.91660235005,1813.94123987998,1027.43127146075,1351.97179437453,897.963251913748,90.5454776517807,346.232053326022,850.693511962891,198.13590978807,107.006860425395
"476",2018-08-01,5317.11310798891,2587.55591607863,1399.57136387979,2270.65756520917,1452.98121692288,134.575718787409,494.965485603579,1505.4128811744,315.788195210118,201.244914393271
"477",2018-09-01,2787.51815185547,1364.66500854492,755.384494018555,1631.70595703125,1133.70113525391,185.825509643555,294.81119333903,1313.16924641927,315.231080627441,184.98835550944
"478",2018-10-01,1151.36081031061,495.551398984848,281.534668953188,714.609433081842,484.967220675561,109.080610459851,118.991200723956,870.69813389932,257.665496826172,145.002541818926
"479",2018-11-01,339.573163350423,154.350402069092,93.8505587259928,169.529062906901,122.316167704264,41.0822374979655,36.5350858688354,264.95509185791,129.468897501628,70.6830079396566
"480",2018-12-01,232.729237710276,176.562259058799,139.171394348145,107.309651036416,84.2807903905069,42.6242517040622,21.2012829319123,163.671957446683,95.5476295717301,47.1037919444422
"481",2019-01-01,234.270164243637,181.12794445407,146.303713644704,88.2249873991936,70.5237500590663,35.3240882504371,15.7715888792469,201.134839950069,123.618973762758,62.3992195129394
"482",2019-02-01,166.895066942487,110.695725849697,82.642310823713,59.9402215140206,43.7556595121111,18.6628445557186,11.9453150544848,102.705657958985,44.1392845426287,25.5896213395255
"483",2019-03-01,112.768369613155,70.4815998692666,47.137755486273,46.6414124273485,34.3469974148658,13.2090103395524,11.6295071878741,77.2115212717364,29.873142303959,17.5644529404179
"484",2019-04-01,274.145631408691,216.143570200602,150.544025548299,104.377691396077,80.0927895863851,21.9307980219523,39.9610486984253,94.1417874654134,43.4460637410482,27.2578603744507
"485",2019-05-01,395.902690272177,293.731965587985,201.767902497322,169.702741807507,122.152822802144,44.7876014094199,50.7762401949975,162.597644682853,92.8686272405809,64.6127291033345
"486",2019-06-01,523.628733317057,292.618236796061,205.834567006429,218.136694844564,135.336230214437,28.8720410982768,37.7382941563924,247.71226348877,114.028894805908,67.4871196746826
"487",2019-07-01,1094.04065433625,546.422862391318,320.370867329259,451.757961150139,269.698822021484,41.1296236284318,67.3075185591175,243.450109666394,91.283269205401,59.0197542252079
"488",2019-08-01,2172.15782510081,1029.81851294733,530.813424387286,848.131103515625,552.925764514554,56.7761018814579,176.433881698116,675.400527461883,175.097753709362,95.0048493416079
"489",2019-09-01,4467.49267578125,2610.19384765625,1580.32397460938,1856.68408203125,1362.28332519531,152.976699829102,428.447387695312,584.4912109375,160.232162475586,83.5238723754883
