"","Date","Sekong Downstream","Sekong Upstream","Sekong Midstream","Sesan Downstream","Sesan Midstream","Sesan Upstream-E","Sesan Upstream-N","Srepok Downstream","Srepok Upstream","Srepok Midstream"
"1",1979-01-01,656.543078514837,148.513152583953,186.745759410243,374.006731587072,225.582137569304,41.7131021561161,73.707889926049,424.618172922442,74.8904754884781,241.350782332882
"2",1979-02-01,102.597938537598,47.2986206838063,64.1271263190678,174.190728868757,115.485261372158,26.1542452403477,41.845137323652,193.790524074009,39.6284681047712,105.775934491839
"3",1979-03-01,296.335878064556,165.321101926988,262.444032269139,174.948509216309,120.380753055696,24.0242333258352,47.508787093624,120.779321978169,26.4197114513766,62.1679547217584
"4",1979-04-01,760.81364847819,369.479368050893,617.323545010885,230.641357167562,155.717017364502,28.5077746232351,67.9497097015381,120.020039367676,25.5134559949239,51.6349363962809
"5",1979-05-01,2058.55763293851,935.301216371598,1566.13289519279,715.871321155179,509.445088540354,74.3541925799462,212.6761413082,262.348330343923,32.3316057574364,68.3734755977508
"6",1979-06-01,4520.65628255208,2118.23990885417,3653.08568522135,2601.81197509766,1686.49005228678,305.445704015096,517.476351420085,1219.75453999837,66.4101214090983,179.21705754598
"7",1979-07-01,7017.42983713458,1388.36402154738,2605.94870290449,2866.06785928049,1731.06893034904,278.979231311429,411.799196304814,1702.53425056704,64.3966615738407,197.018241636215
"8",1979-08-01,7588.49514081401,2474.8131812311,4092.8378000567,3489.56056656376,2111.55622912991,360.120499641665,511.825198758033,2452.49818469632,56.0348793768114,227.463982366746
"9",1979-09-01,3003.87868245443,1960.17823282878,2939.31499226888,1626.68468221029,1033.90439656576,180.767488098145,295.978322347005,829.694478352865,89.8850743611654,175.96489054362
"10",1979-10-01,4587.55642404864,1125.23189815398,1722.3838382844,1298.70162471648,947.001230547505,242.985908262191,290.071191110919,1792.45154202369,156.605233469317,523.747120026619
"11",1979-11-01,1088.01026204427,411.352008056641,735.51645711263,724.484706624349,531.622614542643,172.318228912354,163.662321980794,555.709901936849,69.8196900685628,216.545235188802
"12",1979-12-01,683.090117423765,196.402824647965,390.717257099767,480.34234914472,346.352993872858,89.1339364820911,121.142343828755,249.598494991179,38.8612147300474,99.8270541775611
"13",1980-01-01,255.728194205992,53.2028420971286,136.681445214056,288.120570521201,206.028189382245,53.524729697935,69.916931521508,141.381780316753,22.7836690718128,53.2814962325558
"14",1980-02-01,95.8796289378199,13.9481816949516,45.5393680046345,165.709200628873,126.576813270306,34.7223766589987,42.2352033154718,85.2783960802802,17.3756003873102,33.9483426192711
"15",1980-03-01,296.047831381521,137.3314691359,221.234278771185,159.190548558389,123.642016503119,29.3847298160676,44.511592988045,73.4652897004158,13.2451382452442,28.7406806330527
"16",1980-04-01,393.261487833659,209.313540800412,375.170648988088,221.652450561523,155.956428400675,26.0369997660319,65.4008818626404,89.3007966359456,13.7193212747574,31.8313893000285
"17",1980-05-01,1295.53356342931,700.538216867754,1203.24867100869,631.641702959614,479.486166677167,76.4877849701912,179.67140665362,409.065922398721,51.1037331550352,131.897305980805
"18",1980-06-01,2861.77255452474,1166.32552693685,2119.19249267578,1456.81840820313,957.23749593099,138.785983784993,323.433084106445,937.764447021484,73.1755702972412,182.11309967041
"19",1980-07-01,3373.68662581905,916.479547316028,1811.51175025202,1817.52337055822,1124.50012600806,165.081953725507,308.312644220168,1138.40027446132,70.7164280799127,188.781824419575
"20",1980-08-01,2580.09134797127,773.482503583354,1478.96299497543,1261.30418543662,859.440093009703,153.004617506458,270.708790932932,1073.19358973349,125.659671291228,240.680431489022
"21",1980-09-01,7013.11809895833,2879.42007242839,4572.5994140625,3202.79020182292,2025.12178141276,330.096633402506,544.917035929362,3752.56696777344,209.59143931071,656.953770955404
"22",1980-10-01,3445.43686995968,1337.5726594002,2217.59049347908,1751.26154352004,1393.24869069745,369.141864899666,511.386776339623,1471.67826203377,145.782664883521,365.154447494015
"23",1980-11-01,2809.93185221354,1018.87146606445,1666.8879679362,2277.51330566406,1861.44608561198,650.571145629883,650.673340861003,1778.19157714844,226.426394144694,758.577443440755
"24",1980-12-01,998.325337071573,308.699975290606,594.480772941343,822.28755827873,610.029900335496,185.150629351216,191.926647063225,472.16611899099,65.5861362334221,199.518425480012
"25",1981-01-01,421.891412058184,83.9915383246637,224.149316603138,432.502661920363,304.505077239006,77.7134324350665,91.2209361906975,226.924192367061,36.8466690432641,90.7943848640688
"26",1981-02-01,199.214380536761,35.3423597642354,109.345675332206,270.460672106062,191.91575895037,52.8356124332973,56.5706953321184,130.279740469796,21.7977898461478,50.0226689747402
"27",1981-03-01,109.477080191335,35.702686555924,61.5391127063382,153.626568948069,117.468333090505,33.5450947669245,31.5609492640341,80.0277965914819,15.6555264073033,31.4805980190154
"28",1981-04-01,549.05685895284,316.878476969401,493.52417195638,233.872790018717,171.343432362874,40.0027526219686,62.9624412536621,155.313907623291,24.9637936592102,60.2092465082804
"29",1981-05-01,1120.14451156124,601.071995888987,944.525168142011,384.523990754158,283.492798589891,54.0431900024414,117.483936063705,269.901906905636,42.50912075658,97.9999766811248
"30",1981-06-01,4057.94028727214,1743.16500447591,2852.54213460286,1791.54662068685,1195.20007324219,174.525082206726,353.849785105387,1146.03043924967,66.6520919799805,202.077500406901
"31",1981-07-01,4484.77113785282,1436.13636238344,2414.46188649824,1811.59955030872,1096.09354917465,162.395247920867,291.551127279958,1100.57778241557,66.788937230264,184.215393066406
"32",1981-08-01,4466.65072139617,1152.35361013105,2233.3055577432,2696.13213520665,1700.9698821037,278.93772691296,412.37471402076,1724.71451494771,59.0058208588631,239.198452611123
"33",1981-09-01,2720.17209472656,800.262811279297,1337.50898844401,1228.94924723307,802.472928873698,145.506532796224,211.66024983724,1070.22287394206,76.7637966156006,221.97910563151
"34",1981-10-01,4613.84192288306,2242.24238044985,3759.29566611013,1758.12558081842,1386.90210354713,327.619131518948,628.656334661668,2116.54733374811,207.703424761372,698.807000929309
"35",1981-11-01,4355.44354654948,2186.30057169596,3593.20826822917,1956.96085611979,1752.60259195964,547.957823689779,754.684545898437,1742.10111083984,238.883631896973,811.933757527669
"36",1981-12-01,1708.21253228957,665.737893381426,1129.98380008821,996.138006394909,805.036116077054,263.738579042496,300.442827286259,662.034223002772,112.337784797915,346.878263411983
"37",1982-01-01,698.941865982548,227.654586299773,445.795531242124,497.470114431074,374.02349164409,102.324574870448,134.866727029124,286.879881335843,53.3153845264066,138.105826100995
"38",1982-02-01,268.991708483015,85.3053887231009,194.312208448138,293.750674111503,223.769447871617,61.0936610358102,80.5206380571638,154.768453053066,27.8590335845947,68.311314037868
"39",1982-03-01,242.100790454495,59.4225160383409,109.090096565985,194.303373275265,146.653328188004,40.5339447144539,48.7837880042291,100.388101393177,22.1345045335831,45.1898246272918
"40",1982-04-01,401.08128306071,256.025368245443,423.75427532196,233.511554718018,174.982368977865,41.6497090657552,65.8866831461589,132.490400441488,27.9746338526408,55.5338643391927
"41",1982-05-01,1109.9435562626,499.46394594254,782.44472577495,316.055692118983,206.28434261199,33.828972355012,80.3397920670048,181.629890441895,30.2692952925159,59.6875318711804
"42",1982-06-01,1964.64711507161,864.037897745768,1498.23193359375,979.353877766927,689.43186340332,93.9693674405416,213.139891815186,532.12968343099,46.6982978820801,111.15964533488
"43",1982-07-01,3527.33646515877,866.610894972278,1719.77587103075,2102.43321178805,1223.83331298828,138.971762380292,308.844213178081,928.216674804688,41.4627372372535,102.488101959229
"44",1982-08-01,2189.09451392389,489.059995589718,906.171368998866,997.176072643649,625.780933995401,99.4618313697077,167.831496946273,511.977852113785,37.2707822245936,79.9218263933735
"45",1982-09-01,6494.20309244792,2169.90545043945,3832.19680989583,2627.53347167969,1585.89489339193,208.448053232829,514.950521850586,1192.20559488932,58.4526971181234,141.620745595296
"46",1982-10-01,2593.61584078881,979.722351074219,1660.98745432208,935.400274461316,629.138803789693,96.9908973939957,217.079753752678,493.249730263987,55.434883979059,120.447419935657
"47",1982-11-01,1936.29930419922,958.731894938151,1366.82488606771,473.844642130534,326.673585001628,59.7897366841634,124.917205047607,211.257340494792,37.4807640075684,66.7030857086182
"48",1982-12-01,918.837364935106,380.25833523658,586.682905627835,312.46760559082,198.293766144783,36.96704347672,69.9920438951062,125.101229267736,19.9227435204291,33.9646057005852
"49",1983-01-01,354.402692241053,144.966782600649,236.928012970955,183.405013053648,124.521806040118,23.3145889159172,45.2824126828101,73.310912347609,14.5046291658955,23.6780118634624
"50",1983-02-01,200.079907553537,78.8711441584996,106.084689549037,107.187110628401,74.8510449273246,14.7833529540471,18.7863997050694,53.8336563110352,9.35513206890651,16.1877901554108
"51",1983-03-01,186.264972563713,106.427493310744,162.496843153431,90.8577880859375,65.0196593499953,14.5566161678683,18.8354304529005,42.1258762728783,8.0935391764487,14.4296719951014
"52",1983-04-01,295.301986948649,161.900824610392,252.314521662394,107.203441238403,76.3389188130697,23.4585563023885,33.5321865240733,51.2320810317993,11.182614115874,18.3312212467194
"53",1983-05-01,836.062868179814,361.46621014995,632.194597798009,348.482182164346,254.415748227027,37.0036723690648,96.708234817751,160.794589134955,24.5255355681143,57.7413227019771
"54",1983-06-01,1345.43683268229,1008.10121409098,1691.20778198242,901.895078531901,623.52803700765,78.7205143292745,216.554310099284,424.698044077555,35.9962462902069,98.9682594935099
"55",1983-07-01,4016.54871786794,1008.43697037235,1657.50324864541,1208.87507087954,657.69432117093,87.7040591086111,201.779892952211,540.296783447266,40.7324757729807,88.5972243278257
"56",1983-08-01,3607.49716481855,1064.83126732611,2056.12694918725,1787.20989399572,1116.15474184098,146.539744592482,327.810925391413,1168.44822446762,65.6061710234611,165.936267975838
"57",1983-09-01,2606.51359049479,764.667466227214,1339.39051717122,1134.78509521484,737.971272786458,123.550165303548,209.402724202474,882.690466308594,87.5151916503906,215.802996826172
"58",1983-10-01,4900.16849247102,1940.52980287613,3460.66349546371,2535.46100837954,1696.59939279864,309.33968082551,625.137993597215,3512.7636797505,229.06557267712,837.195713166268
"59",1983-11-01,3813.75773111979,1708.53760782878,2729.91763102214,1689.20977783203,1363.85098266602,327.965846761068,464.856033325195,1065.11435750326,96.7306936899821,307.759498596191
"60",1983-12-01,1013.09622881489,335.040790188697,605.150773571384,587.064640168221,425.878985989478,120.26442644673,139.487732918032,326.385454731603,47.2103692331622,118.224922180176
"61",1984-01-01,409.741686421056,94.5329755352389,209.990568099483,331.931922174269,232.078596545804,64.3873481750488,69.1390468228248,185.173021870275,27.5927360288558,63.8295520659416
"62",1984-02-01,136.749086314234,17.5476056460677,55.3286803015347,196.499087629647,145.107026988062,42.5453747716443,43.4673400089659,103.436023843699,17.5036922980999,35.6258825762519
"63",1984-03-01,184.444209437216,73.7592193541988,130.633193969727,166.832957360052,126.597090690367,35.8441730622322,40.4102880416378,82.2631987294843,17.6391992261333,30.7175340960103
"64",1984-04-01,579.789823404948,328.233360290527,591.087266540527,366.348743184408,293.515362040202,61.8647105534871,107.972537485758,186.564892578125,28.7298755645752,61.5562374432882
"65",1984-05-01,1519.37128669985,732.436826644405,1231.15725412676,680.067240068989,478.158543740549,73.2852485410629,178.859890107186,387.432835732737,47.3465574941327,113.257317081574
"66",1984-06-01,4232.57859700521,1358.53123575846,2403.5352742513,2274.12691650391,1374.56583251953,208.71159807841,347.455088806152,1851.21520792643,81.0244439442952,258.699682617187
"67",1984-07-01,2738.67107957409,801.393452305948,1423.92931538243,1401.84238360005,954.372418803553,183.160518523185,294.386541551159,856.775018507434,63.9352704940304,152.994733502788
"68",1984-08-01,8379.2115202873,3089.09515577747,4865.81580771169,3598.66652753276,2175.59022177419,320.866735642956,570.774084275769,2173.7643609816,40.2215739219419,139.338713615171
"69",1984-09-01,5785.87025553385,1450.20959472656,2481.68748779297,2442.78770751953,1510.20794067383,265.258942159017,403.775178019206,1749.13086751302,50.0420782725016,164.19108581543
"70",1984-10-01,4254.95033707157,1916.28440807712,3024.20327463458,1888.21009875882,1395.53515625,306.679213493101,498.69394610005,1800.48576502646,116.22493965395,429.005364694903
"71",1984-11-01,3741.0366007487,1710.93368937174,2884.01400960286,1792.68673095703,1518.77464599609,442.306993103027,620.889801025391,1280.04153035482,90.7038018544515,383.407281494141
"72",1984-12-01,1127.81335252331,378.612830377394,706.375442997102,683.955163771106,486.538243447581,129.268468795284,150.180044850995,379.122053577054,43.367374420166,133.237302472515
"73",1985-01-01,496.243638561618,132.566939569289,301.314979307113,388.131409675844,266.495976601878,65.3965306435862,77.4999058631159,194.684688937279,23.7906617195375,64.7469951260474
"74",1985-02-01,337.041723523821,112.602270875658,209.817391531808,248.685849870954,173.043655395508,45.904146194458,51.9133314405169,116.417603084019,18.4978478976658,39.5422657557896
"75",1985-03-01,247.513298772996,140.562631668583,222.183945686586,164.016306723318,122.702552057082,32.5510391727571,38.7428424589096,86.0249163719916,16.3845495100944,34.9262265851421
"76",1985-04-01,584.543119303385,301.916882197062,492.836953862508,236.124877929688,176.717374674479,37.3806078592936,65.9639275550842,143.563896687826,40.0434612592061,72.5445708592733
"77",1985-05-01,1339.14294039819,530.567607264365,869.535461425781,421.395659415953,266.050971246535,35.0540291570848,108.061797111265,261.549274075416,46.9143455259262,90.7263044541882
"78",1985-06-01,4397.61459960937,1735.49743347168,2934.43147786458,2019.77161051432,1150.1991587321,141.581405258179,313.961275736491,924.448618062337,49.9543132781982,102.333773040771
"79",1985-07-01,4026.72163243448,957.912520870086,1638.91959897933,1386.90523799773,814.990510017641,127.496204745385,210.418282785723,865.995499149446,56.2571952573715,139.775446737966
"80",1985-08-01,4208.68073494204,1133.63616746472,2099.72307365171,1853.1335016066,1004.00046268586,89.3011293718892,247.793892152848,1042.90323761971,39.5786268172726,92.3677489988266
"81",1985-09-01,4221.25079752604,1542.17910970052,2653.00807495117,1784.39542643229,1033.12870483398,114.955983479818,319.341876729329,1176.44103190104,65.7060718536377,165.58975944519
"82",1985-10-01,3603.49848002772,1582.98819855721,2455.76489651588,1207.49695611769,859.446074455015,151.835573257939,352.000058081842,745.878700502457,87.1403820899225,214.267670416063
"83",1985-11-01,1633.14841918945,981.341674804688,1742.51813354492,666.995881144206,754.75700378418,205.712805938721,395.057614898682,367.669360351562,80.2213558197022,194.810627492269
"84",1985-12-01,2463.37506300403,925.697935042843,1476.0104882025,1060.64320422757,682.255607358871,193.118115086709,289.924566453503,340.653228267547,57.8235765272571,150.013191223145
"85",1986-01-01,681.288329093687,260.356218891759,471.215382237588,372.317518664945,284.797712756741,80.304498610958,108.364281439012,144.80523484753,30.210498071486,69.9371617224909
"86",1986-02-01,277.379260471889,93.0020463126046,190.738851274763,213.117988586426,171.107862200056,50.313405581883,62.6733290808541,89.7738835471017,20.9371301106044,42.0501108169556
"87",1986-03-01,200.66441271382,130.772523233967,213.453997581236,165.699671099263,134.093601349861,38.9624168026832,48.9607595013034,78.1569371377268,19.5936188851633,36.9545537887081
"88",1986-04-01,598.064292907715,283.494491608938,448.819596481323,217.39670791626,158.653124491374,32.9777241388957,57.4734198888143,101.180953343709,15.987531375885,33.7736935297648
"89",1986-05-01,2194.29991888231,1025.90716208181,1790.47846738754,1224.16204686319,798.241005928286,105.744191446612,246.453594884565,468.262458309051,25.2363457218293,63.0495429808094
"90",1986-06-01,2443.08532307943,626.427695719401,1072.26527709961,905.693190511068,553.872503662109,82.7600727081299,157.798581441243,407.479565429688,30.8132768948873,71.7248366673787
"91",1986-07-01,2755.81023185484,714.544427687122,1179.04156887916,905.578546339466,538.264040054814,68.9675657210811,148.472703256915,437.147550521358,37.3761675434728,77.7788635376961
"92",1986-08-01,5994.44873834425,1685.73435924899,2788.99832645539,2518.2927639869,1387.48760986328,150.186245456819,314.546404930853,1802.78521531628,75.0889454503213,214.739479311051
"93",1986-09-01,5523.95804036458,1324.0851155599,2372.67165120443,2202.63074544271,1232.21418660482,154.160158284505,306.605583699544,1560.65880533854,86.2882363637288,219.63046468099
"94",1986-10-01,3395.11944776966,1767.13522535755,3165.51077368952,1703.03466206212,1283.30559515184,258.67614598428,560.038633777249,1115.87255268712,108.382935554751,283.478127756426
"95",1986-11-01,3569.09767659505,1179.93096923828,1881.52048950195,1214.45349934896,943.525136311849,258.007999674479,367.782780456543,574.220938110352,73.6632150014241,200.618109639486
"96",1986-12-01,2262.66791755922,1081.78788412771,1912.16646452873,1168.91209953062,998.561242872669,292.028826805853,456.72749968498,721.363244825794,126.805593921292,389.283743581464
"97",1987-01-01,810.059682538432,283.405188775832,549.45408679593,507.11671398532,374.87753000567,95.1631344210717,126.020376882245,267.887789326329,47.4849657858572,122.509926334504
"98",1987-02-01,335.983640398298,78.025480066027,203.392774581909,301.285058157785,226.171318599156,59.1704153333391,70.9772445133754,144.588684626988,26.8064832006182,64.4214710508074
"99",1987-03-01,361.579016408613,146.133056056115,260.098054701282,221.389409711284,165.487121335922,41.1789520632836,53.8739253628639,111.459050332346,21.1903229990313,48.2579166658463
"100",1987-04-01,377.581071980794,186.457446829478,282.419745635986,165.685609690348,118.358271026611,28.8512313842773,39.9369469324748,82.3423840840658,18.4379792531331,35.8069707234701
"101",1987-05-01,818.23772405809,386.089600101594,636.327641887049,275.27915388538,200.838266434208,42.873066471469,80.0670752063874,152.213242315477,27.047414102862,58.4936448374102
"102",1987-06-01,2172.02924397786,888.677893066406,1487.63186848958,743.437420654297,488.372315470378,65.7812011082967,200.570554097493,306.511764526367,38.2564654668172,86.084806950887
"103",1987-07-01,3605.17426127772,942.008411038306,1585.6870570029,1215.97989777596,681.605549473916,71.3562176612116,190.859210598853,524.874986217868,29.5511026074809,59.9372039302703
"104",1987-08-01,5248.6544858871,2128.0122030935,3351.99630835748,1950.0372078188,1097.73066662204,114.262521066973,310.77825607792,1220.76599416425,49.9333641298356,115.688191936862
"105",1987-09-01,6023.52415364583,1681.29459228516,2903.8753499349,2104.04877522786,1314.72685546875,183.658711751302,434.069895426432,1173.48462117513,67.5672046661377,167.731964365641
"106",1987-10-01,2366.50599325857,629.702891688193,1035.28472506615,816.288919756489,518.315334197014,89.9287905539236,157.128545207362,555.202951738911,49.6750953428207,107.085235103484
"107",1987-11-01,1254.9985148112,811.565101114909,1416.46315714518,836.407329305013,817.850130208333,254.362325668335,394.717720540365,374.116233825684,66.0224192301432,176.723927561442
"108",1987-12-01,1743.23182333669,642.646322927167,1077.93194383191,841.505398658014,610.172820060484,178.706072161275,238.053988056798,276.500449395949,46.8782538137128,137.296510757939
"109",1988-01-01,546.709067067792,186.341510157431,365.560626614478,347.838247483776,271.346317906533,76.7845479903683,98.4305141818139,136.055085212954,25.8491197401477,67.3162771655667
"110",1988-02-01,250.867526087268,94.5706490483777,188.960712038237,198.984785408809,164.09470919905,48.9832609768572,60.2380968291184,88.7516053298424,18.9487291862225,41.8424916760675
"111",1988-03-01,254.135998141381,125.937284746478,182.548833600936,132.099144228043,112.153158864667,33.3417087677986,38.0897350311279,64.4254554010207,15.4633636474609,28.1082062259797
"112",1988-04-01,335.266065724691,157.564117495219,253.824662907918,163.415956370036,119.646645991007,32.6968068440755,40.5238232930501,109.910734430949,22.3607106844584,48.7138230641683
"113",1988-05-01,950.216829361454,501.052099412487,833.694056357107,425.584605063162,309.751526125016,51.0076733558409,117.326977391397,264.148114604335,29.013869531693,78.6015408423639
"114",1988-06-01,3261.60934651693,1183.99472249349,1956.7283976237,1375.22672729492,838.817492675781,94.9251640319824,241.466724650065,769.88733215332,41.2253770192464,109.764392089844
"115",1988-07-01,2153.4712859123,693.51460905998,1179.66148327243,963.03622141192,654.664538967994,96.7499436409243,197.774339737431,533.598348309917,49.8884797865345,116.469752403998
"116",1988-08-01,2209.55347467238,657.201941705519,1071.11354507939,805.451959425403,485.115506079889,66.3221141446021,147.02797994306,497.123817689957,39.0222286101311,90.5103986186366
"117",1988-09-01,1991.01898193359,772.875170898438,1230.48026733398,859.357596842448,591.65183207194,94.2737954457601,200.467766062419,873.577729288737,75.3851800918579,182.646380106608
"118",1988-10-01,5509.41596837198,2458.3877366589,4155.33337008569,2453.58133229902,1805.41091032951,375.969255262806,628.542241250315,2814.88744329637,159.744846713158,636.613945253434
"119",1988-11-01,2976.57917480469,1183.97989908854,1895.78509114583,1393.87988688151,1062.93280232747,286.336965433757,388.831610107422,1815.67180175781,195.062415313721,689.046288045247
"120",1988-12-01,1132.81307688067,408.988228582567,705.521679293725,583.413765199723,426.111050513483,117.90547057121,144.140717537172,524.558199974798,66.6928589113297,215.428375244141
"121",1989-01-01,483.044279036983,129.128908711095,283.270548666677,344.564798662739,248.144073486328,63.4597304559523,87.5523893294796,237.607802852508,37.1117428195092,94.1832115419449
"122",1989-02-01,214.452653067453,58.2498700278146,122.243066515241,205.69666998727,154.088584354946,42.7211893626622,51.800842830113,133.902188709804,22.0729385103498,51.9294734682356
"123",1989-03-01,311.76863344254,140.307684683031,252.302174168248,216.044886927451,163.174811332457,39.9045932523666,59.1399600121283,132.653115549395,23.6527206667008,53.3680758937713
"124",1989-04-01,719.83564860026,450.489196777344,706.611083475749,273.830461629232,196.60898844401,35.5951955159505,83.3066312154134,126.040649668376,27.3872988065084,51.1931159973145
"125",1989-05-01,1537.10331479965,1093.8454156691,1699.05480169481,845.650303994456,599.956418437342,87.6980306563839,211.245510470483,525.505013250536,48.351692199707,119.924437984343
"126",1989-06-01,4232.50403645833,1570.58169148763,2544.54986572266,1495.33653157552,982.976157633464,137.317622121175,318.162568664551,989.314131673177,57.0283845265706,163.153711446126
"127",1989-07-01,3276.28621156754,1590.04389805948,2691.09813665575,2201.34368896484,1416.23961811681,229.829539883521,386.031588154454,1307.73476286857,77.1379918744487,186.427296792307
"128",1989-08-01,6163.39805947581,1827.69355232485,3123.96298513105,2390.36743557838,1440.30170268397,209.92701918079,394.366873464277,1440.1241218813,64.2281842385569,173.014492157967
"129",1989-09-01,4770.63374023438,1359.24471842448,2475.95603027344,2087.45197347005,1377.06696777344,214.852382405599,424.78364461263,1549.51335042318,97.4717690785726,278.90633799235
"130",1989-10-01,2879.08211788054,1114.49257143082,1705.16358800088,1128.31528005292,765.467089253087,137.794961744739,235.748946159117,939.428616431452,101.146191258584,261.458302159463
"131",1989-11-01,1211.37768351237,412.299524943034,698.983308919271,504.063762410482,339.522900390625,70.025393931071,115.426964060465,353.341279602051,59.0106727600098,138.468546549479
"132",1989-12-01,550.551281344506,161.996479895807,289.621504260648,346.788822297127,220.59704983619,48.3867199805475,61.0243318619267,201.474257930633,34.2562124190792,73.5290678701093
"133",1990-01-01,182.108140022524,35.7134388031498,77.5892006658739,202.512794740738,128.839693377095,28.3888004056869,37.0235705837127,108.944721837198,19.6779272633214,39.1306478438839
"134",1990-02-01,117.189838409424,106.211579339845,149.463373695101,130.359685625349,96.5659305027553,22.7418231623513,24.6402285439628,73.9401008061,14.5267766203199,27.0775592667716
"135",1990-03-01,208.890727504607,104.528125962903,172.481714802404,119.798688580913,87.6175845976799,21.8580659128005,29.1918384336656,68.6012020726358,13.9246428089757,25.6408073979039
"136",1990-04-01,763.637577311198,392.943984985352,574.5130859375,205.584810638428,136.772412490845,25.3772167523702,46.3796555360158,106.614171981812,20.5611178239187,42.2225086212158
"137",1990-05-01,1335.01960803616,742.536757930633,1200.42768219979,628.325054537865,429.347972500709,68.0036718307003,154.067976797781,334.53917595648,33.4842890770205,82.2627034956409
"138",1990-06-01,3667.98220214844,1152.83802490234,1950.70393066406,1822.91112263997,1061.71093444824,131.090815353394,250.88379313151,1806.92540893555,87.1752400080363,313.17639503479
"139",1990-07-01,2788.19262695312,781.292976625504,1374.49862178679,1246.60500803301,764.148543819304,110.702890457646,194.541107669953,1110.78434901084,70.4080537365329,211.771921465474
"140",1990-08-01,2932.68712197581,1020.89935302734,1779.36573053175,1388.70510962702,850.394714355469,108.800700772193,222.475988572644,1454.6092686807,98.5363090269027,249.651853253765
"141",1990-09-01,6054.11483561198,2330.24895426432,3534.06728922526,2182.47094726562,1244.55657552083,152.83687693278,323.031794230143,2206.03077799479,89.6198675791423,302.220383199056
"142",1990-10-01,5275.00758411038,2217.01567619078,3652.33585874496,2277.76092726184,1739.15829566217,379.371422798403,654.833090013073,2234.40247369582,146.240702229161,506.322417228453
"143",1990-11-01,3331.63269856771,1511.99502360026,2531.22075602214,1552.96676432292,1295.20089314779,357.649258931478,545.099850463867,1475.46457519531,180.09192276001,593.33681640625
"144",1990-12-01,1500.07639829574,497.434933570123,863.329662692162,727.843284360824,549.292718702747,157.865023951377,189.15946074455,551.900167157573,74.0650287751229,238.135812574817
"145",1991-01-01,562.783085976877,165.339768440493,335.430819111486,379.044452298072,271.633930329354,73.3053866970924,86.3252597931893,248.766656691028,40.4662534652218,102.223693847656
"146",1991-02-01,198.099343981062,38.3316687686103,104.930028506688,218.760214124407,166.013481140137,50.4164246150426,51.3773374557495,139.729047775269,22.7496515682765,54.4566456930978
"147",1991-03-01,286.117688332835,193.849457648493,285.262033277942,188.504071143366,151.217887140089,40.6654070577314,51.6857137987691,100.945480592789,19.6338399148756,42.5288412647863
"148",1991-04-01,425.971277872721,196.729238128662,299.62146581014,173.66344426473,143.19474919637,33.4542590459188,62.8044960657756,90.2160048166911,20.538437906901,41.7656867345174
"149",1991-05-01,926.617023098853,512.017936460433,821.283748503654,367.851056991085,273.878003028131,41.5338579608548,122.139441705519,192.090966009325,26.6480147607865,60.8676087779384
"150",1991-06-01,1479.72443847656,552.274130249023,911.930354817708,505.467317708333,322.654940795898,47.863862991333,122.597032928467,267.006890360514,32.8294311523438,72.4165053049723
"151",1991-07-01,4257.55171055948,1239.78861162739,1933.16528320312,1247.25696588332,607.518290858115,55.2070254048993,142.437547499134,709.054188389932,53.0114263719128,117.205333094443
"152",1991-08-01,5365.6937452747,1519.39690965222,2405.4212922127,1737.72624747984,892.735347624748,89.8370843702747,205.46294993739,1027.82273618637,46.5551468633836,104.859630215553
"153",1991-09-01,5802.78435058594,1187.55334472656,2039.35871988932,2232.34973551432,1151.68635253906,139.49192199707,222.853899637858,1775.41346842448,85.7068274180094,221.69162902832
"154",1991-10-01,3967.1482406124,1685.16207393523,2653.76314027848,1714.82760127898,1202.65355067099,243.517588461599,367.474579349641,1539.62388758506,117.556421587544,322.172340146957
"155",1991-11-01,1982.76240641276,609.618900553385,998.903712972005,831.425008138021,617.010066731771,178.28636118571,192.466083272298,516.71864827474,63.6004247029622,161.290199025472
"156",1991-12-01,729.879650485131,211.930819111486,412.302906159432,446.433323029549,310.143192906533,79.7654022709016,97.0734046197707,238.10873856083,36.935096310031,82.7158590747464
"157",1992-01-01,356.507546701739,117.681738822691,221.641039940619,287.403649607012,204.320363198557,57.4910445674773,67.5664169557633,153.354714424379,24.9186974802325,55.1015783740628
"158",1992-02-01,229.261883176606,87.8633583660783,136.000190011386,168.478849213699,126.25984954834,32.8697619602598,42.0584055144211,83.6887199138773,15.7656580497479,30.2433357896476
"159",1992-03-01,150.97236793272,110.047353175379,180.447339488614,130.266264638593,110.998053766066,27.0053552812146,36.1572302849062,63.2555268810641,12.3633563441615,22.7145914262341
"160",1992-04-01,503.522393798828,216.082350794474,336.543241246541,194.847572835286,126.710232543945,28.0429735819499,40.1442168076833,121.119525655111,26.1752024332682,53.3668997128805
"161",1992-05-01,844.509912306263,409.104392267043,685.513873192572,347.600205452211,248.036263988864,46.6739027884699,94.2657989994172,247.186268468057,37.6873319995019,92.9025277783794
"162",1992-06-01,1504.20115966797,829.75309753418,1312.66036987305,618.107052612305,433.799477640788,61.818671576182,158.944467417399,453.000663757324,62.2352029164632,167.396630605062
"163",1992-07-01,3372.88089875252,1069.32199392011,1590.72491848853,908.628904281124,461.347797024635,56.9214256655785,148.363426700715,565.463283415764,52.9168883292906,138.489300389444
"164",1992-08-01,4474.61821131552,1551.2985327936,2391.23824974798,1425.75417795489,796.55909187563,91.7262799662928,221.836546867124,1234.30351208102,80.8326529225996,254.712798580047
"165",1992-09-01,4047.69408365885,1164.64365030924,1870.64778645833,1245.13194173177,775.981266276042,106.73031133016,228.780712890625,1178.19759724935,73.4840644836426,229.383238728841
"166",1992-10-01,2973.13328503024,1510.69182365171,2482.00900957661,1084.46871849798,961.625675324471,277.064630323841,467.150136639995,1281.32849121094,139.992389678955,445.902442686019
"167",1992-11-01,3020.77172851562,1242.12070922852,1975.77113037109,1434.55047403971,1058.22112630208,271.246103922526,338.481170145671,1332.62545369466,113.322585296631,440.578428141276
"168",1992-12-01,1189.75499700731,527.110140892767,876.399874779486,543.953112202306,411.740765971522,110.212103074597,154.385016656691,379.746358563823,55.420529519358,161.352414531092
"169",1993-01-01,669.655684932586,271.645500921434,444.079048895067,306.682075746598,233.259885726436,62.0629849587717,85.6169041049096,200.778499972436,30.000221190914,76.2636675680837
"170",1993-02-01,279.957476479667,96.4726979391915,179.194986070905,191.714181082589,153.774341583252,42.6282802309309,55.0037066595895,113.77269254412,19.010915347508,43.0289685385568
"171",1993-03-01,283.034141294418,90.0810506882206,166.408560229886,174.435461721113,130.997930465206,33.5730521294378,42.14913909666,98.8578097435736,18.9359653842065,38.9629629196659
"172",1993-04-01,449.025669352214,227.396852143606,398.429701741536,220.748828125,160.611029307048,33.9199659347534,62.2976009051005,98.1927639007568,15.9645212173462,33.6810338020325
"173",1993-05-01,924.07279328377,413.533493411156,716.757382300592,383.808788176506,281.333475912771,57.5915025895642,119.042689046552,183.580530966482,30.4676792237066,67.391755196356
"174",1993-06-01,1184.57658487956,417.551648966471,754.297867838542,500.153992716471,346.756473795573,48.5435838699341,138.21033299764,202.777262369792,35.9355248769124,67.7734025319417
"175",1993-07-01,2229.17327290197,684.712288148942,1166.91814201109,891.593913416709,562.362765404486,68.9473485639018,179.128715761246,374.020276961788,42.7467692590529,78.8055962593325
"176",1993-08-01,2711.88097750756,712.469456826487,1217.74002173639,1191.58724286479,685.887159778226,90.694028177569,186.65043517082,602.630082653415,35.5599623034077,64.8184596646217
"177",1993-09-01,4913.4296468099,1193.68174845378,2135.96086832682,2211.10819498698,1350.39147338867,214.611448923747,333.444815063477,1372.62340494792,61.8414202372233,171.644503275553
"178",1993-10-01,2666.89753181704,1009.79042693107,1891.22992534022,1762.76461299773,1403.15710055444,340.494448754095,496.128954487462,2704.40435987903,194.755885708717,770.361209008002
"179",1993-11-01,1538.87529703776,755.281281534831,1257.23466796875,755.834495035807,621.087363688151,177.562895202637,258.998225402832,678.077969360352,109.731473032633,316.13503112793
"180",1993-12-01,1792.27311066658,910.140810074345,1421.35143058531,801.27828093498,654.141936271421,206.843058432302,288.844117195376,857.02697360131,172.021161233225,559.034913093813
"181",1994-01-01,846.557922363281,362.704522901966,612.154990903793,411.891889018397,329.010139711442,101.756991724814,126.940080950337,384.02980484501,76.7847619825794,223.609314949282
"182",1994-02-01,493.977871486119,221.62208366394,371.758879525321,250.535449436733,208.439949035645,62.0286065510341,80.6422455651419,187.59631892613,44.0437764440264,106.908429282052
"183",1994-03-01,350.86338953818,165.359104279549,274.697035266507,192.493502709173,163.09573782644,45.0239630668394,63.5717051106115,129.721616191249,29.8198544902186,65.677849308137
"184",1994-04-01,679.806930541992,330.386502583822,576.578014119466,294.364785766602,232.628131357829,46.3054321289062,102.573433812459,173.090941619873,37.439226214091,72.1004192352295
"185",1994-05-01,1106.87150918284,467.377135246031,854.095799599924,555.882139144405,423.468662877237,71.9583358764648,162.497831775296,323.782612708307,57.4130017065233,119.939399842293
"186",1994-06-01,2243.33362630208,723.196790568034,1228.43095499674,891.004890950521,544.89187113444,71.9007511138916,176.648896280924,568.224349975586,122.521412404378,247.140895080566
"187",1994-07-01,4985.03455771169,1207.4830617597,2062.23667464718,2051.78339804372,1038.8173414661,100.813421187862,229.544779623708,1467.6319422568,112.290239272579,212.870934763262
"188",1994-08-01,4047.52024004536,853.0547859438,1386.73894869897,1475.6393038842,776.810192477319,94.1330098798198,157.436649445565,1058.66140845514,63.4986722392421,131.936273882466
"189",1994-09-01,7703.85106608073,2334.13646647135,4243.04309082031,3784.35301106771,2400.47285359701,425.638951619466,698.822308858236,2420.35595906576,173.26778717041,437.908355712891
"190",1994-10-01,2417.25448509955,706.992701376638,1249.26842867944,1236.03025768649,860.792637978831,186.910036640783,283.785490466702,1003.96516270791,150.417616567304,318.025624429026
"191",1994-11-01,1416.15114746094,696.254265340169,1143.59972127279,631.620111083984,463.59494934082,110.478536732992,196.779410807292,452.581509399414,115.63481241862,227.935769144694
"192",1994-12-01,1804.21116588962,1072.56426017515,1700.31648500504,611.611093828755,497.364017609627,104.962793903966,253.438194028793,295.458807176159,77.0368814776021,160.553923576109
"193",1995-01-01,1019.87121778919,405.997862785093,697.634840442288,374.408896169355,288.511488883726,64.4020738909321,128.782393670851,156.894616403887,43.9731125370149,83.4607748216198
"194",1995-02-01,445.770676749093,184.413038253784,324.41219329834,210.025754111154,171.337989807129,42.6169682911464,70.0398931503296,96.7767287663051,24.8470731462751,47.6629020145961
"195",1995-03-01,200.72852546938,102.533332455543,191.263029529202,165.95746538716,140.082431177939,36.2126731872559,53.7432056550057,84.675666809082,21.8055743863506,39.3038052589663
"196",1995-04-01,452.240096028646,190.777374394735,282.539164352417,144.409856669108,104.909397252401,22.0992036819458,36.6597222646077,62.6926888783773,19.5579180399577,31.8177466074626
"197",1995-05-01,890.769338300151,470.974200587119,752.727637014081,352.159494707661,257.5357507275,49.3713621939382,107.862614262489,178.22100387081,31.1193880265759,64.3053603633758
"198",1995-06-01,1631.5458211263,601.743075561523,977.231856282552,538.095464070638,348.335074361165,49.0220385233561,135.154190826416,194.278595225016,33.1687541325887,61.7799603144328
"199",1995-07-01,2744.59123771421,968.445515294229,1492.72660581527,879.072505827873,544.782033612651,67.9042592202463,163.748050320533,344.726308022776,59.8243478344333,103.978011838851
"200",1995-08-01,2864.09510458669,801.430417952999,1385.94948454826,1312.0760163338,812.813721687563,103.193795234926,218.577243435767,659.310302734375,60.836246736588,111.085756240353
"201",1995-09-01,4336.18754882812,1339.8623046875,2242.27329915365,1968.30154622396,1176.4805074056,175.856044514974,331.337452697754,1227.28453369141,110.797486750285,225.46281560262
"202",1995-10-01,4735.09085181452,2295.68599184098,4080.28020649572,2130.26542417465,1829.40858311807,421.890286353327,831.379028320312,1631.60058987525,171.824572163243,475.12940929782
"203",1995-11-01,4840.84803059896,2193.31969197591,3789.16050211589,2092.04310709635,1734.85931193034,463.642073567708,794.040785725911,1034.25056355794,105.704019419352,329.851906840007
"204",1995-12-01,1759.20726751512,718.446610973727,1232.12415338332,865.101190382434,692.836173765121,200.179430069462,280.675704956055,562.564174529045,132.05199432373,333.574825656029
"205",1996-01-01,849.186198572959,338.231022496377,592.459552395728,473.896524736958,355.227593698809,103.32885471467,127.852479011782,299.880492671844,65.2209717535203,161.35220386136
"206",1996-02-01,503.414204564588,231.766565257105,399.039880686793,290.905017721242,229.786386424098,66.5554357068292,88.9419939764615,165.428937977758,36.5593195290401,85.1713718545848
"207",1996-03-01,349.924887380292,162.086706346081,254.361149449502,189.072814449187,152.552103350239,41.6156352258498,57.6484870910645,96.0082079979681,21.9359183157644,44.9243822405415
"208",1996-04-01,605.901446024577,281.267822774251,486.341667175293,301.912958780924,213.630346425374,44.9861345291138,83.0182848612467,140.020068359375,28.967011197408,57.3128121058146
"209",1996-05-01,1381.20203030494,544.390293244393,908.158327164189,657.281397665701,426.622801749937,68.4728391093592,142.091946755686,484.126585191296,65.9149009950699,151.153107796946
"210",1996-06-01,2248.85057373047,682.803385416667,1098.61736653646,876.98149210612,555.69238688151,75.8289545694987,149.749058024089,685.26567179362,66.7108879089355,155.656965128581
"211",1996-07-01,2750.10735099546,751.922857469128,1288.70891546434,1274.81352972215,680.028609737273,76.5283505839686,166.771473792291,930.432909565587,64.6687084321053,176.62210993613
"212",1996-08-01,3762.40601373488,770.662394862021,1343.47578676285,1630.3177687122,836.469009891633,91.4437981882403,168.647620662566,1079.95349317981,55.876959523847,137.551965775028
"213",1996-09-01,8029.12918294271,3120.94240519206,4823.78393351237,2942.93517659505,1675.88492635091,254.892857233683,453.58277460734,2121.82789306641,128.119746907552,346.529978942871
"214",1996-10-01,4770.74777910786,1848.82353358115,3117.32986942414,1905.82911337576,1475.22734808153,385.272173973822,573.889068603516,1666.14821698589,148.234544569446,423.305554789882
"215",1996-11-01,6543.69870605469,2877.05739746094,5006.46932779948,3381.87552897135,2851.26512451172,842.057624308268,1155.43372599284,2313.60891520182,294.881632486979,950.931685384115
"216",1996-12-01,2663.36369077621,1077.29715851815,1810.76144704511,1326.02044283959,1066.17861643145,321.838390227287,389.825712142452,1346.65971719065,272.590461484848,806.683190130418
"217",1997-01-01,1176.66558247228,467.299423709992,792.142078030494,580.867250504032,438.350760183027,126.553429142121,151.892564342868,528.64058070029,97.4193401951944,294.369511265908
"218",1997-02-01,647.005766732352,271.692012241908,447.122058323451,339.564149039132,259.868899209159,67.338305745806,100.86531666347,253.874229976109,51.8238973617554,130.312457220895
"219",1997-03-01,359.830609721522,159.14831419914,262.473264140468,225.589472616872,184.703871204007,48.8839773362683,74.7052799347908,136.733971626528,27.3120309152911,64.1344931817824
"220",1997-04-01,690.129098002116,362.541497548421,591.27501373291,338.37848256429,248.946761067708,52.5435888290405,94.9877212524414,173.492530568441,33.1810663859049,76.3763064066569
"221",1997-05-01,1018.85863273374,466.851394161101,809.389183782762,461.122601909022,350.461263841198,65.0644539248559,141.483754311838,208.98443431239,34.4034067584622,76.0351838142641
"222",1997-06-01,1857.89091796875,680.735046386719,1115.74528605143,712.885732014974,424.988385009766,42.9146064122518,137.631569163005,234.55837504069,31.1710368474325,56.2861592610677
"223",1997-07-01,3463.21346947455,987.012455109627,1601.06254725302,1002.10577491022,587.94524358934,65.2743660711473,197.320312253891,343.746144448557,39.3703586209205,73.8427549792874
"224",1997-08-01,4806.53079322077,1142.04008434665,1943.26642436366,1721.67282006048,891.406996204007,71.363354713686,213.062048635175,1029.74496558405,51.5684179490612,111.607456084221
"225",1997-09-01,3063.52508138021,1450.85335083008,2525.59185791016,1800.54688110352,1187.47000630697,173.266411972046,394.32692565918,1431.09117635091,99.6588827768962,269.891505432129
"226",1997-10-01,5214.26402233493,1466.92572612147,2501.76057680192,1871.86148760396,1198.194089828,222.933710405903,420.274402741463,1195.95276469569,100.622981163763,251.155967958512
"227",1997-11-01,2856.50212402344,1323.87499287923,2247.11499633789,1168.78948567708,979.403006998698,251.894682312012,435.617591349284,548.648544311523,79.228491973877,205.877027130127
"228",1997-12-01,1462.96837985131,792.017919724987,1232.04351215978,569.789267263105,439.703936176915,106.582119603311,190.290562537409,249.60160187752,42.6519331162976,95.8449361247401
"229",1998-01-01,638.912214709866,256.670257568359,449.799007292717,301.475550005513,232.72533933578,63.3410370119156,91.3265490378103,137.61669429656,25.4435651225428,51.4044099623157
"230",1998-02-01,281.921913146973,114.51916721889,206.445019040789,193.15701511928,153.377463749477,40.7051292146955,55.6631129128592,97.5802696772984,17.7876857348851,37.5249394689287
"231",1998-03-01,186.067582899524,39.285307622725,75.2269339407644,121.533804124401,101.250977054719,26.6012138858918,33.172584964383,61.2501944265058,12.7516798819265,22.9633662931381
"232",1998-04-01,254.381481170654,121.734951869647,198.691848659515,131.828136698405,107.860581080119,31.2696395238241,39.3111345767975,72.6162766774495,18.0245657602946,30.4801405270894
"233",1998-05-01,643.650992116621,363.944236263152,622.586935720136,310.675723660377,232.175428328976,47.9790422070411,93.1634779284077,151.412301463466,32.1935081635752,63.2579760397634
"234",1998-06-01,1566.07557779948,541.791384887695,853.570526123047,406.002747599284,254.186008199056,31.6676186243693,102.862675984701,164.833047231038,38.9998132705689,68.6489479064941
"235",1998-07-01,1424.53831826487,530.775877921812,887.909510458669,455.388304679624,307.860860516948,40.5659539930282,132.342261775847,226.468637281849,48.4673240415512,94.4778679878481
"236",1998-08-01,2142.50034258443,689.667834866431,1131.43124094317,605.012338945943,360.569609611265,49.8376615585819,141.121381944226,414.759161180066,52.7613959773894,129.790311751827
"237",1998-09-01,3072.42752685547,1550.33001912435,2483.27557779948,985.887200927734,714.190128580729,113.642440859477,338.240825907389,551.445704650879,113.589899571737,201.413331349691
"238",1998-10-01,4706.10227917087,1795.00028942477,3127.76869250882,1624.48016554309,1358.69167992377,334.757964103453,615.113331456338,1428.77641050277,244.133817118983,573.823294854933
"239",1998-11-01,2300.02285970052,2013.03921101888,3566.4297648112,1891.49206542969,2032.10688476562,714.485733540853,841.641937255859,3160.24022623698,507.589636739095,1447.58258666992
"240",1998-12-01,5245.29314201109,1841.15656502016,3448.84734122984,2430.16770098286,1919.28449667654,561.967374740108,799.557107248614,2515.61579747354,358.794959775863,1143.29307900706
"241",1999-01-01,1293.10115888042,476.810452368952,860.308839859501,757.807086575416,587.374597364856,178.291895958685,200.391025666268,729.846512333039,110.850678474672,356.274364348381
"242",1999-02-01,622.77562713623,254.527423313686,456.474322727748,392.694685799735,315.126946040562,80.2672121865409,124.164202826364,287.271682194301,50.3010621752058,130.978712081909
"243",1999-03-01,403.061205464025,189.051894895492,330.98815770303,273.02098624937,221.86387781943,58.5736319018948,84.2313222577495,186.241647535755,32.7330439782912,76.4402217249717
"244",1999-04-01,910.264704386393,390.418562316895,643.343383789062,348.80963490804,252.049852498372,56.2811799367269,113.384225591024,188.340837860107,44.7647535324097,89.0390529632568
"245",1999-05-01,2362.29262222782,1062.66651571951,1757.95234335622,833.369075652092,595.537791590537,90.7147731165732,255.974661550214,689.048711961316,86.211235415551,216.029305242723
"246",1999-06-01,3824.69829915365,1208.01455281576,2269.22315673828,1479.61294759115,1028.92201741536,168.772230529785,405.714408365885,925.919769287109,102.039931233724,237.555751546224
"247",1999-07-01,2533.70331007434,1037.05153139176,1676.90758883569,1048.73686562815,663.192247944493,101.243090967978,226.214297386908,726.602337252709,65.1768581021217,149.628946858068
"248",1999-08-01,5617.85075132308,1343.90678159652,2294.7214827999,1966.88943579889,1068.16913235572,98.7017519550939,243.518176663306,1230.64879386656,62.5293582793205,139.847035069619
"249",1999-09-01,2936.99016113281,1077.32826944987,1921.05462239583,1376.50398966471,944.205088297526,149.944600168864,308.027456665039,947.445835367839,88.6700284322103,189.899931335449
"250",1999-10-01,3525.15877016129,1624.79880449849,2845.69262695312,1658.70886230469,1330.26741470829,320.385117069367,545.898913967994,1081.29588071762,162.232970576132,378.735614407447
"251",1999-11-01,8746.89781087239,4401.5781636556,7416.22521565755,3111.41818847656,2677.48973795573,740.997537231445,1185.07932637533,1865.65606282552,284.643969726562,778.913419596354
"252",1999-12-01,4704.62633883569,2163.66914613785,4299.3008796938,2113.40403304562,1963.10619723412,569.515601373488,1024.54650780462,1285.58927277596,259.926548619424,723.906566989037
"253",2000-01-01,1400.58704203944,553.092004591419,1104.0093797253,848.602127567414,693.959148776147,201.486955704228,284.715253768429,536.048483571699,91.5667074880292,271.471993723223
"254",2000-02-01,1097.47992785224,516.661875757678,938.388492978852,506.863021324421,408.228601916083,94.0663844141467,174.740767380287,250.389646332839,48.9501257271602,118.812167200549
"255",2000-03-01,906.668004189768,486.953270696825,781.362895350302,311.581220073085,271.107985465757,58.7899290515531,141.381162335796,143.26260671308,29.2495607560681,66.5054902107485
"256",2000-04-01,1681.49090169271,978.990199788411,1482.77340494792,433.192322794596,349.725304158529,56.8044336954753,196.094444783529,212.178682963053,43.2380031585693,91.134034093221
"257",2000-05-01,1730.31806798135,766.425478043095,1220.70070722026,550.712252709173,386.501703569966,69.1106422178207,183.176670689737,343.247023059476,56.0839478277391,112.337151681223
"258",2000-06-01,3388.37526041667,1125.32614746094,2049.66112874349,1319.80862833659,859.209155273438,100.169118754069,300.932689921061,1048.89326375326,78.5677642822266,227.566102091471
"259",2000-07-01,4849.66024288054,1446.32376393964,2446.83538621472,2012.45623976184,1154.47235107422,142.310750899776,318.525518109722,1114.16366478705,71.9204969098491,195.321575780069
"260",2000-08-01,4484.10193264869,1500.92371393019,2738.76238423009,2460.94790157195,1604.65350735572,260.034711037913,441.363017420615,1265.70969907699,75.4569193932318,192.74283870574
"261",2000-09-01,5348.21618652344,1481.53788248698,2487.88430175781,1828.20994059245,1111.38356119792,177.093705749512,331.549224344889,1144.05789591471,89.2988400777181,216.182587178548
"262",2000-10-01,5457.67491494456,2688.90173142956,4548.38852224042,2478.19867927797,1935.68721451298,426.209576760569,758.854863320627,3412.18732477004,404.418840715962,1163.3832554971
"263",2000-11-01,3800.97123209635,1540.82782999674,2839.75485026042,1626.70042724609,1373.19684244792,347.090288289388,646.920854695638,1463.40520019531,331.357278442383,812.987365722656
"264",2000-12-01,2237.95095136089,1011.8311117849,1817.89881552419,961.158061365927,812.468742124496,223.523227322486,392.282399823589,1156.62371038621,310.071820166803,782.574844852571
"265",2001-01-01,1490.21412314138,606.481964111328,1047.21629678049,587.520437917402,455.609070808657,115.735790129631,197.082516085717,492.224460724861,117.451943920505,303.786390735257
"266",2001-02-01,571.499302455357,230.350195203509,442.379418509347,298.151074000767,250.41465486799,63.2748628343855,119.896222523281,211.072237287249,53.6468932288034,122.388689858573
"267",2001-03-01,452.866816366872,235.512439112509,437.92255081669,276.368589339718,232.024468698809,55.9616781665433,105.251525632797,180.902233246834,44.3802226281935,100.608969165433
"268",2001-04-01,877.83349202474,324.954829915365,533.982237752279,356.399112955729,220.459673563639,32.904695447286,81.5568466186523,147.118319956462,30.0215758641561,56.7764188130697
"269",2001-05-01,1286.17613170993,609.984097388483,955.318489320817,469.940755536479,322.865761541551,50.0802354504985,127.234687559066,255.572072182932,39.1803771603492,87.8322246920678
"270",2001-06-01,1792.14875488281,714.101525878906,1154.92381795247,647.365121459961,413.413316853841,49.9594237645467,147.47710647583,315.319955444336,46.1494841893514,87.0353460947672
"271",2001-07-01,3367.82222624748,782.579414613785,1258.39144799017,992.521734422253,473.520583614226,35.2782682603405,131.226065851027,381.16454585906,37.612521448443,59.9231258515389
"272",2001-08-01,4410.08155084425,1581.24902737525,2775.33428167528,1756.06126551474,1094.94526426254,115.799504926128,374.553161621094,1120.13062310988,79.1443649415047,239.691834111368
"273",2001-09-01,3973.11666666667,1123.18494059245,1876.67243652344,1555.00078531901,908.264998372396,114.422194671631,252.227960205078,1131.50645141602,104.849773152669,238.962965393066
"274",2001-10-01,3091.84821541079,1444.07879244897,2535.60059578188,1479.31946194556,1114.49619613155,246.515325976956,478.300819150863,1111.00511317099,152.68575877528,346.155456542969
"275",2001-11-01,3339.3596883138,1093.71651000977,1871.24744466146,1193.51415201823,939.178955078125,243.743499755859,388.273189290365,824.522802734375,149.658069864909,388.777634684245
"276",2001-12-01,1736.8605405746,904.06588843561,1506.7295335339,731.089898878528,602.484874110068,164.486044114636,284.96358613045,348.013886974704,68.0405027327999,167.720995503087
"277",2002-01-01,1092.80308286605,452.374811972341,759.297700943485,420.300305766444,329.891554801695,84.3877585626418,141.265061409243,185.277639081401,36.8886312669323,81.7699170266428
"278",2002-02-01,433.303587777274,153.017272949219,295.138246263777,231.075950622559,187.496167864118,52.991229738508,74.2539164679391,104.080766405378,22.2932543073382,46.0715438297817
"279",2002-03-01,192.818557247039,93.9210129399453,181.668245254024,167.443705651068,143.918283277942,39.2210884709512,56.6962926310878,85.1001564764207,17.9046493038054,35.9495407227547
"280",2002-04-01,408.736641947428,188.954101308187,292.359613164266,166.25228398641,121.943106079102,28.2475229263306,40.5889503479004,79.8749542236328,19.2651218573252,35.5164178848267
"281",2002-05-01,738.518646240234,370.114080982824,609.548139510616,362.547902261057,272.503665431853,48.2014723131734,95.597285362982,183.901605913716,25.2808978480677,59.3575585273004
"282",2002-06-01,1613.71376546224,581.913664754232,985.18114827474,719.571099853516,443.664036560059,48.7799722671509,146.469370778402,314.461125183105,35.8943388938904,69.6337031682332
"283",2002-07-01,3969.03850333921,947.019710417717,1489.39599609375,1190.97638530116,584.410662251134,41.7055620993337,143.199606864683,530.859766806326,30.5962392130206,51.0394749179963
"284",2002-08-01,5469.57198998236,2013.4486280872,3511.00113801033,2514.85493715348,1625.06527217742,264.522087835496,538.977237086142,1247.34170433783,75.5472805269303,186.0843334198
"285",2002-09-01,5600.77493489583,2101.58472086589,3812.1247639974,2681.3510172526,1970.078515625,419.970772298177,677.61442565918,1975.11722005208,175.64746500651,485.357657877604
"286",2002-10-01,5169.01278981855,2248.92021326865,3574.42631284652,1723.47836992818,1271.80622519216,287.448603968467,485.475435318485,1149.41159156061,125.719651006883,328.181415188697
"287",2002-11-01,3212.90952148438,1276.0985921224,2118.01672363281,1156.32391357422,909.393454996745,267.531588236491,407.824637858073,819.10674235026,235.746932729085,532.380512491862
"288",2002-12-01,1552.73791897681,684.330465993574,1121.66081582346,678.682046213458,513.107308664629,149.437344458795,191.665724231351,483.149791102256,114.246297528667,294.923170520413
"289",2003-01-01,945.508385442918,394.871350688319,708.839959913684,436.462660266507,325.815013270224,79.6095750870243,129.266149705456,225.494233654391,54.1117988094207,128.762193495227
"290",2003-02-01,541.398064749582,197.210351671491,402.775918143136,296.380426679339,237.246150425502,53.6017389297485,108.111253738403,121.68620790754,29.5095124925886,64.4083743776594
"291",2003-03-01,317.781454763105,120.638391679333,239.788902036605,202.430182672316,161.488323334725,35.540488643031,69.2091117366668,83.2363497826361,20.2262581240746,40.1300750240203
"292",2003-04-01,462.785117085775,208.493650372823,348.401687876383,192.134922027588,156.120685831706,36.1480420430501,61.2473602294922,92.3481585184733,19.0741738319397,38.2026489257812
"293",2003-05-01,746.674845049458,301.774379114951,520.296247912991,306.010729389806,212.148140199723,45.1835906736312,82.4154777526855,245.899362994779,62.5453007913405,119.375900637719
"294",2003-06-01,1924.7793375651,669.134010823568,1027.2671875,492.244784545898,313.445258076986,43.0146298090617,119.656940205892,314.392499796549,61.7516835530599,124.729876200358
"295",2003-07-01,2210.67112682712,688.621664724042,1104.96164432649,596.352262435421,339.304153934602,40.4915156825896,118.399752216954,425.810527678459,59.2074775695801,118.076781242124
"296",2003-08-01,2961.33854429183,884.666751984627,1382.32797930318,797.655289188508,449.296420189642,49.1268540043985,133.565635188933,733.308211788054,54.9480909532116,131.67628454393
"297",2003-09-01,4402.00467122396,1792.72473551432,2811.51875813802,1101.16923828125,655.477167765299,82.2248462041219,255.652202606201,841.005480957031,81.1793596903483,197.517141215007
"298",2003-10-01,4744.3119172127,1816.73759805003,3149.03346695438,2091.23463882938,1628.53522712954,409.701771397744,623.89249444777,1437.18808475617,209.439382983792,504.399394865959
"299",2003-11-01,1889.13724772135,663.930926513672,1157.35814412435,1020.4833190918,790.434946695964,216.292642211914,280.77835337321,992.323107910156,221.437024943034,538.08669128418
"300",2003-12-01,1323.24886592742,638.277151784589,1057.78582369897,608.485743368826,455.008888490738,116.091798597767,185.780509702621,433.339184176537,98.0081538538779,239.441365888042
"301",2004-01-01,822.673097672001,336.73062183011,588.521322927167,350.568709834929,270.4645873039,67.2799520184917,110.822853334488,215.822204097625,50.0205893977996,110.251880768807
"302",2004-02-01,386.432903421336,142.455143895643,265.216740049165,202.468610566238,163.553747242895,44.1765872034533,63.5894809591359,117.630716258082,27.3986409943679,56.8429197114089
"303",2004-03-01,192.121613533266,88.5896191750803,162.086627098822,139.544036619125,120.252119987242,32.0162896802348,47.2853221278037,82.7186798587922,20.587855369814,41.538021825975
"304",2004-04-01,507.764940388997,239.82466506958,377.382774098714,179.148057810466,126.916414769491,26.6898596127828,40.6084068616231,112.77245203654,23.6792987505595,45.3695583979289
"305",2004-05-01,708.457492951424,331.196079623315,519.65654090143,236.137987198368,161.666803913732,38.8902323938185,60.418999671936,176.796306979272,46.9419213571856,85.4605169603902
"306",2004-06-01,2122.98522338867,749.596562703451,1211.7115620931,791.201308186849,480.530348205566,72.1381761868795,154.432820129395,647.186451721191,80.6319830576579,170.250866953532
"307",2004-07-01,2201.52765483241,815.293623401273,1292.39202683972,672.967905352193,399.129264585433,60.5445824899981,153.553026506978,447.225426458543,59.4550415777391,127.478469848633
"308",2004-08-01,4594.65670677923,1563.91558444115,2390.76775926159,1135.64987674836,624.015791370023,64.8652892574187,203.770082535282,608.587427939138,62.7559056435862,133.186103820801
"309",2004-09-01,3666.21212565104,1235.16436564128,1929.33555908203,1055.8461730957,621.230513509115,83.7568556467692,188.199654134115,720.804249064128,63.970796585083,159.425222269694
"310",2004-10-01,2224.6902406754,828.777584937311,1285.57712677986,627.016550371724,418.567267633254,69.8883271986438,159.149432520713,448.806424048639,72.7134801803097,159.66562578755
"311",2004-11-01,1068.49454345703,805.498575846354,1188.17745564779,392.139227294922,295.323262023926,57.4574443817139,129.258387247721,226.559417215983,41.9798735936483,90.0713610331217
"312",2004-12-01,1782.7101578251,837.27344734438,1236.19036668347,347.963032384073,247.744902087796,39.0431460718955,130.973811487998,138.493709441154,27.3974436483076,54.978872237667
"313",2005-01-01,525.748745825983,204.468515703755,361.420417539535,187.96975609564,146.031445164834,28.2109245177238,67.0015310472058,80.8258497176632,17.925436266007,34.0669649800947
"314",2005-02-01,193.488195964268,69.5037601334708,134.415371894836,113.496448516846,96.6249283381871,18.7763919830322,41.0700932230268,57.0634325572423,11.9380263941629,21.9847059931074
"315",2005-03-01,140.064737504528,91.309533672948,154.478036172928,90.9955667065036,81.0572135679184,23.336298634929,34.4408995720648,53.8330377148044,11.2539039427234,22.8243055035991
"316",2005-04-01,373.690600077311,182.349351549149,295.32547343572,128.577680397034,109.140545209249,26.5450703303019,38.5384499152501,54.0632080713908,13.0490220705668,25.0613570372264
"317",2005-05-01,1071.93810641381,451.666111607705,721.306010584677,310.751916208575,210.959408175561,40.5801667244204,93.1232991372385,206.829854411464,37.685189085622,85.5102665655075
"318",2005-06-01,1580.95907796224,548.024893188477,870.141473388672,389.14394124349,248.871726989746,27.8120233217875,110.354157511393,164.554447428385,39.6360463460286,68.47313524882
"319",2005-07-01,2002.24772004158,849.684298607611,1303.27622149068,541.760592552923,327.851446828535,45.6570331819596,133.707247826361,273.054601853894,46.2807886677404,90.5395111576203
"320",2005-08-01,6586.74144720262,1954.73248684791,2987.19783266129,1719.86684097782,786.661333637853,55.8812571802447,200.406708255891,1139.8802194903,45.4741740072927,105.604486280872
"321",2005-09-01,7075.23460286458,2629.62668863932,4405.51333821615,2580.51031494141,1516.54275105794,193.972941335042,478.300130208333,1907.38128255208,155.528564580282,472.589856719971
"322",2005-10-01,4421.35442918347,1788.45972073463,2910.75105531754,1504.23786778604,1184.81933199975,302.239357240738,475.769844301285,1235.0399819651,205.302475221695,535.101594986454
"323",2005-11-01,3174.38273111979,1403.9538655599,2520.3934366862,1838.51081542969,1646.74589436849,500.34409383138,664.980768839518,958.707295735677,154.890926615397,427.735690307617
"324",2005-12-01,1409.22056530368,753.321083314957,1263.59700258317,1033.35729586694,874.517141034526,300.500265798261,317.893782584898,978.612570485761,261.428809873519,698.974000992314
"325",2006-01-01,1053.74533179498,478.998768468057,811.804502425655,588.954865486391,473.732918031754,147.94993862029,169.629733177923,484.365920528289,101.005619418237,288.877675210276
"326",2006-02-01,516.681938171387,207.988795961652,372.75664465768,295.119822365897,243.067036764962,71.1497535705566,86.2432143347604,209.587419237409,50.0329856872559,120.511080605643
"327",2006-03-01,389.563005016696,196.715886515956,319.826857043851,241.833651142736,203.872807164346,60.4614463313933,74.1861722392421,166.057777158676,43.5422597085276,94.1070048424505
"328",2006-04-01,543.266978963216,225.606092580159,382.832071940104,268.500787862142,197.377713012695,43.9914251963298,72.4048631032308,189.09623260498,35.6099680582682,74.9046713511149
"329",2006-05-01,901.675940728957,418.835713048135,692.222987021169,452.218528501449,322.50903074203,48.3215383714245,108.611981791835,276.97533441359,38.8969850847798,86.3518893334173
"330",2006-06-01,1048.0925374349,411.167845662435,693.34609781901,448.732195027669,280.121440633138,34.3626452763875,98.012584177653,250.98238881429,44.475785446167,89.1983032226562
"331",2006-07-01,3206.93596821447,946.48386702999,1477.53531376008,1014.65279462261,541.668414700416,52.3912958944997,144.312849721601,661.372195336127,49.3761078619188,103.147368892547
"332",2006-08-01,5606.17728547127,1795.6732374622,2930.88621865549,1669.77405178931,907.919689547631,83.4797146089615,285.17488344254,883.303976735761,57.4705864690965,120.666702024398
"333",2006-09-01,4703.28614095052,1899.3493754069,3240.60308024089,1623.02429199219,976.877866617839,119.390544255575,354.084177652995,1246.50342407227,93.7325814565023,223.808666483561
"334",2006-10-01,6474.95210118448,1881.61335212954,3271.52234674269,2008.44444422568,1298.29642609627,189.452183631159,469.396326864919,1187.68975042528,89.4312669077227,230.658460063319
"335",2006-11-01,1813.36112467448,693.279935709635,1236.85602010091,694.177455647786,495.678077189128,95.4833485921224,221.090956115723,389.698810831706,55.7775267283122,127.267934163411
"336",2006-12-01,949.083966655116,392.343461559665,705.338508852067,426.064037692162,302.702914330267,63.2119555319509,131.267623655258,209.626235469695,37.461704684842,75.7042985731556
"337",2007-01-01,951.969431231099,522.67770484186,847.81983406313,304.985659199376,237.04508972168,42.5200710296631,120.912125126008,122.083976253386,21.7892142265074,43.6845936313752
"338",2007-02-01,512.552091326032,227.171823774065,390.530414036342,183.755690983364,145.230079650879,24.9901886667524,70.3519589560373,72.7026383536203,14.6873713561467,26.6515600340707
"339",2007-03-01,409.703947990171,189.756832491967,329.015582669166,171.019072009671,145.007733991069,29.9911703294323,59.8190961037913,94.2617069367439,17.9923075860546,39.0497741083945
"340",2007-04-01,402.739757283529,191.911533610026,320.223215738932,171.970587921143,124.113154729207,26.3777680079142,58.3697269439697,85.0737617492676,18.0442655245463,31.7350697517395
"341",2007-05-01,1342.68401705834,586.486487603957,954.498279202369,471.778626472719,308.021386915638,46.7040696913196,127.411332899524,235.542525260679,52.2235561801541,99.3567138179656
"342",2007-06-01,1407.16400960286,535.636652628581,949.447137451172,515.407646687825,353.95422261556,45.5013266563416,145.243900044759,230.602550252279,51.3370267232259,91.2645858764648
"343",2007-07-01,2482.85136167465,744.456212197581,1203.85175741872,736.286441926033,394.880651658581,41.100344750189,137.121820511356,329.19362566548,48.5981752949376,81.8200020328645
"344",2007-08-01,4874.45206968246,1574.44292622228,2503.69670646421,1849.15189484627,985.649074431389,110.822296019523,235.310489285377,2316.2931085402,133.333968008718,464.612998716293
"345",2007-09-01,3423.64342447917,1100.94008585612,1863.82974853516,1067.16917114258,630.791101074219,84.8179358164469,203.510558064779,1268.53069051107,164.932757568359,400.750861104329
"346",2007-10-01,6211.85478358115,3023.00721986832,5031.78271484375,2512.1325663905,1966.20835630355,430.777878792055,825.249027375252,2397.51446336316,284.013865317068,775.806031257875
"347",2007-11-01,5967.48126627604,3081.07346191406,5442.10828450521,3397.94816080729,3035.55905761719,858.34345296224,1160.67963867187,2944.20387369792,458.444166056315,1308.54056599935
"348",2007-12-01,2574.87917007938,992.992706298828,1649.69688956968,1352.20179403982,1041.13976657006,279.811768562563,343.506667598601,1198.40839804372,167.539469319005,525.947271531628
"349",2008-01-01,869.833003874748,359.903344431231,633.752072241998,547.986780966482,409.148248487903,104.632857784148,140.818746259136,383.488894554877,65.2935158514207,179.081470366447
"350",2008-02-01,430.424630000674,167.805095277984,306.175057772932,329.498560412177,248.433419589339,60.9615224640945,96.7222803050074,205.009774569807,38.754425443452,91.1752529801994
"351",2008-03-01,368.440533545709,192.371372345955,314.567736717962,246.987583283455,192.209337296024,45.9527239645681,84.1549733069635,130.370722124653,27.0898377203172,58.5944813143822
"352",2008-04-01,702.084285481771,330.951401265462,553.383320109049,267.942196146647,210.89833017985,37.3446182250977,88.3898131052653,120.195980580648,29.0395047505697,54.3192115783691
"353",2008-05-01,1203.35208228327,506.25105039535,856.275153375441,502.178354570943,352.16300226027,57.0622406621133,144.022377506379,392.20891521823,63.3086498629662,139.865677618211
"354",2008-06-01,1855.94210611979,684.283131917318,1070.5000386556,536.014963785807,321.184892272949,41.6594282786051,134.274546051025,307.510145568848,54.6533325195312,111.984698486328
"355",2008-07-01,1870.41978011593,573.519976215978,963.896189043599,548.563774847215,334.021478960591,41.9212133038429,126.401592131584,279.283456125567,52.126341050671,94.1949045735021
"356",2008-08-01,3255.35296433972,957.943052230343,1562.94105185232,1029.96421961631,582.885350381174,67.4432421038228,180.320085094821,504.265679636309,61.94909544914,108.91945094447
"357",2008-09-01,2707.53125813802,1087.83015136719,1747.45041097005,886.674837239583,598.858891805013,113.545478312174,217.06972173055,807.470532226562,149.071827316284,308.854264322917
"358",2008-10-01,4710.73952557964,2680.47490864415,4591.40694304436,2007.65372983871,1695.74694627331,407.201943674395,782.393882505355,1077.03269909274,153.149553852697,396.090571249685
"359",2008-11-01,4765.23704427083,1849.61691894531,3207.05921223958,1935.59000244141,1660.09825846354,492.347487386068,686.462934366862,1293.48983154297,315.108665466309,783.24424235026
"360",2008-12-01,2046.23275658392,834.85160187752,1379.60584480532,991.798333937122,779.755667409589,249.866472798009,278.197693855532,910.936690791961,202.305005965694,547.145324707031
"361",2009-01-01,1348.98605248236,730.134215324156,1170.19390672253,560.550055719191,472.010348412298,137.958996680475,193.609950896232,507.373062626008,120.681771063036,318.44898691485
"362",2009-02-01,635.24817439488,256.745236533029,457.737300327846,314.981290544782,264.223105839321,72.065819467817,116.135042735509,218.169142041888,55.0478849411011,126.812132699149
"363",2009-03-01,415.538807530557,198.330805870794,364.501090265089,270.288869057932,230.368193103421,57.7403336801837,107.149644174883,158.31076394358,35.8510317648611,77.5400161743164
"364",2009-04-01,734.268530273437,362.145703633626,567.611396280925,334.347495015462,254.169876607259,52.9117026011149,112.002380371094,225.333221435547,60.0208919525146,113.513670857747
"365",2009-05-01,1378.81506150769,643.185942619078,1030.23236083984,545.720829133065,372.987978043095,65.4588116676577,141.244962630733,464.155072612147,103.640651087607,217.656249015562
"366",2009-06-01,2469.60559082031,729.23452351888,1157.23857014974,705.628245035807,434.288635253906,56.3468570709229,150.097504679362,502.888889567057,80.6428020477295,175.868739827474
"367",2009-07-01,2794.49739320817,985.722876764113,1517.12952053931,725.249151414441,432.762351743637,54.522164990825,159.324713676207,519.928302395728,65.2955381331905,137.362919961253
"368",2009-08-01,4842.29377205141,1405.42999267578,2267.48033486643,1328.24002173639,661.17831617786,55.9479086475988,206.896127516224,764.14798859627,57.8618939307428,117.750810930806
"369",2009-09-01,6337.63110351562,2900.86193440755,5527.43094482422,3326.89092610677,2662.95319010417,689.529985936483,1334.1666325887,1825.12859903971,134.692664718628,346.529526265462
"370",2009-10-01,7656.15817162298,3195.77812736265,5323.51680632561,4105.46615895917,3135.18696446573,669.99658203125,877.284289944556,2790.44214654738,186.411144133537,613.769646429246
"371",2009-11-01,3289.49699707031,1052.90921223958,1751.60645751953,1631.24317423503,1298.49974365234,403.141646321615,358.661584981283,2103.14814046224,245.392088826497,824.667278035482
"372",2009-12-01,1095.98023248488,474.79388624622,823.476897208921,641.025954707976,479.872243573589,121.904763006395,151.807285924112,490.608811901462,65.4191478606193,199.096958775674
"373",2010-01-01,748.614661432082,286.015231717017,521.826588292276,423.876243345199,321.754983225176,66.6754205765263,129.958767798639,256.817847959457,46.4553292797458,109.745917535597
"374",2010-02-01,349.922473907471,124.356600897653,237.379688262939,279.723982129778,216.286836896624,44.1062537602016,92.6331184932164,136.49269757952,24.6700805936541,53.706399508885
"375",2010-03-01,190.054951083276,70.2132121978267,126.902653601862,166.822187362179,135.680926169119,28.2522138780163,54.7334378150202,85.8701659171812,19.4901655258671,36.7329279991888
"376",2010-04-01,409.572630818685,238.329759470622,380.753689575195,162.721179453532,126.067390441895,24.7647925694784,54.5696594238281,96.1792374928792,23.9836972554525,47.6137332280477
"377",2010-05-01,815.378020255796,401.736202855264,657.765068792528,248.141646354429,177.755597268381,27.2759304354268,75.1205576619794,132.913013335197,28.738971125695,58.655250487789
"378",2010-06-01,1133.31973266602,515.471208699544,842.584236653646,371.715778096517,267.384225972493,49.6233999888102,115.03337097168,199.562831624349,46.7443793614705,91.5413427988688
"379",2010-07-01,1344.65435200353,749.746896066973,1268.58493731099,603.393188476562,465.518211118637,59.308102023217,183.13095289661,459.618108441753,84.7487455798734,181.410354614258
"380",2010-08-01,3235.45233351184,1728.83091292843,2829.65471427671,1580.47839749244,1163.8356913905,182.558895234139,418.544882005261,1035.26319934476,97.6538792271768,214.237317977413
"381",2010-09-01,4294.6838297526,1252.89489542643,2116.80868326823,1462.28280232747,980.982818603516,172.483096822103,351.853269958496,974.560119628906,103.400445810954,243.345442708333
"382",2010-10-01,4141.86443894909,2210.86738241872,3474.25363454511,1540.72834236391,1270.6612804782,313.468484693958,519.003623716293,1270.61369274509,395.942155407321,569.661377937563
"383",2010-11-01,3070.09196777344,1392.34593505859,2457.25823160807,2366.71593017578,2247.24208170573,855.003767903646,760.483649698893,5165.08750406901,806.337974039714,2778.17872314453
"384",2010-12-01,1398.94089827999,482.711243660219,855.907472672001,1159.07488226121,917.819377283896,307.428022323116,231.383927868259,1879.14830952306,286.394322549143,916.159958377961
"385",2011-01-01,721.740510017641,345.542873259514,581.589640955771,455.790386569115,364.663352720199,110.006237891413,114.369903810563,524.494621030746,86.7006347410141,275.717469246157
"386",2011-02-01,449.651503426688,227.222044263567,354.537249973842,253.317260197231,209.023746490479,63.1614969798497,65.1006114142282,241.748165130615,44.9142227172852,116.473878043039
"387",2011-03-01,274.946290046938,137.15030177947,222.996408031833,175.629855740455,151.084709905809,44.5515257312406,50.2025684233635,151.545837402344,30.9745352960402,72.809995958882
"388",2011-04-01,404.193250020345,194.879045295715,317.26338335673,184.013409932454,138.647954813639,35.8959966023763,45.0104532877604,129.899631754557,22.6122391064962,50.9877965291341
"389",2011-05-01,998.157610493322,446.379168110509,729.810163928616,398.06360503166,279.586007395098,46.9568784159999,97.6563045747818,296.502917135915,52.5010600551482,95.5574134703605
"390",2011-06-01,2120.46657307943,725.254673258464,1260.95255330404,800.482527669271,490.945620727539,53.2228293100993,161.195734151204,666.642375691732,74.4632011413574,173.519895172119
"391",2011-07-01,2428.6353484123,717.743006552419,1157.75601885396,856.180337229083,460.943727554814,41.7204114852413,123.895060385427,743.310574439264,67.4952761742376,137.412131278746
"392",2011-08-01,3943.92386750252,1312.1462953629,1996.15221380418,1224.87740596648,581.4429941485,47.3250477698541,138.053154976137,980.728460496472,88.2217401073825,185.10862042827
"393",2011-09-01,6188.15948893229,2580.0836710612,4388.39014485677,2423.99249267578,1524.72044677734,210.837063217163,543.730308532715,1728.38003133138,115.437826283773,304.406388346354
"394",2011-10-01,7861.60480720766,3160.6360296434,5243.17189862651,2998.18620841734,2256.90450951361,492.786634875882,862.288045575542,2173.63434822329,246.154051257718,634.571003575479
"395",2011-11-01,4270.95656738281,1851.36583455404,3260.44651285807,1812.79020996094,1574.84309285482,408.558568318685,715.587976074219,970.885512288411,113.844757588704,360.375308227539
"396",2011-12-01,1899.03986973916,912.185987903226,1505.66646846648,916.205601846018,687.683568154612,187.294548280777,289.750953920426,402.001230547505,69.0829482540008,182.123944190241
"397",2012-01-01,1142.14611816406,482.731451219128,842.833395681074,498.830952305948,379.976647161668,91.5249623944682,150.642362286968,235.303980673513,53.022709015877,118.383868309759
"398",2012-02-01,590.675240352236,223.781351023707,454.733560496363,336.674291150323,277.222124823209,58.5752673971242,134.019021659062,152.932915786217,33.0428774603482,73.7436519491261
"399",2012-03-01,467.376909809728,154.978279975153,294.14186809909,271.225612025107,215.754922682239,40.2244522340836,105.836061785298,99.8856700774162,26.0911270264656,44.3822917322959
"400",2012-04-01,595.725509643555,293.809718577067,519.83688659668,292.397495015462,233.117748006185,53.1490069071452,96.5698155721029,325.859973653158,91.2712502797445,197.043886057536
"401",2012-05-01,992.383643365675,489.026042322959,795.72506320092,392.295637561429,266.089826030116,39.4353674611738,108.596062198762,241.901854484312,59.0267503799931,118.74915658274
"402",2012-06-01,2146.95614013672,842.590590413411,1336.96419270833,699.086473592122,392.124978637695,43.09615650177,137.909380849202,277.155094401042,53.9447179158529,102.69695892334
"403",2012-07-01,2868.78042307208,946.777641050277,1493.83997763357,882.579133064516,493.274982083228,54.07419530807,141.172617512365,557.2871585969,84.5935779694588,164.942050564674
"404",2012-08-01,3190.66448777722,972.156092489919,1629.36321824597,1055.57426600302,543.454957039125,49.5229041807113,158.37770277454,587.341014246787,50.0620856746551,97.8720973845451
"405",2012-09-01,4459.29755045573,1708.04191080729,2798.14360758464,1582.55275878906,974.286751302083,119.995152409871,328.874934895833,1584.64162394206,193.635547510783,400.060844930013
"406",2012-10-01,3237.44707267515,1097.33503772366,1858.35612832346,1226.57373834425,878.765089465726,180.357088888845,305.469773323305,1898.43669276084,224.548494400517,626.088485225554
"407",2012-11-01,1624.1544514974,862.969905598958,1370.61842447917,648.719907633464,487.845896402995,102.274580637614,205.617575073242,665.443277994792,135.348713175456,337.428805541992
"408",2012-12-01,1050.4119617093,418.161428143901,706.616177466608,404.75383241715,293.172138337166,62.780210802632,114.70411165299,314.070432109218,62.6706125813146,150.182545569635
"409",2013-01-01,595.288335000315,284.833775181924,434.383900303994,234.781941567698,177.233209425403,44.0344604984407,63.066705149989,190.923361501386,42.382698551301,94.5930138864825
"410",2013-02-01,257.535948617118,116.159526007516,194.601521355765,141.156885419573,123.068222045898,29.2937282834734,45.5943307195391,104.064564841134,24.9495686803545,52.8693827220372
"411",2013-03-01,279.508920484974,154.486622964182,252.216197598365,152.357307434082,121.159735894972,30.0857781440981,49.4373553491408,93.5503512967017,22.2199360939764,42.920015335083
"412",2013-04-01,460.286033630371,223.737941614787,369.768404388428,218.97805074056,163.817842356364,35.6085123697917,60.8017199834188,152.539509836833,25.75483045578,55.210782623291
"413",2013-05-01,1010.47577101184,427.107728035219,728.688315114667,433.367216048702,321.128174812563,59.5375176706622,122.728109052104,279.513254473286,42.2470474243164,103.086552158479
"414",2013-06-01,1515.21329142253,689.091123453776,1128.17625935872,623.658063761393,373.066313680013,49.1912033716838,136.344976043701,538.963411458333,77.610368347168,184.676183319092
"415",2013-07-01,2798.89053049395,947.755731398059,1541.26119109123,852.152605610509,501.956224995275,64.9673724020681,166.942167712796,651.090677568989,71.3733701398296,175.152494369015
"416",2013-08-01,3525.05797158518,1097.53787920552,1723.93351105721,1217.05875322896,707.542478499874,84.1732356163763,173.879996761199,1083.13850845829,90.0425245223507,238.236002276021
"417",2013-09-01,6920.2087483724,3288.91740926107,5441.2544514974,3002.24510294596,1974.23237915039,325.585234578451,691.329254659017,1633.40511271159,129.280740356445,330.364380900065
"418",2013-10-01,7327.26848380796,2080.33451006489,3657.15304073211,2989.77515829763,2146.60848506804,463.80556069651,693.555046819871,2320.27146665512,165.778782013924,503.189233595325
"419",2013-11-01,3660.9137491862,1780.626953125,3174.92117513021,2259.8906656901,2003.35336914063,592.867147827148,830.784189860026,1004.69147949219,182.75625890096,449.171081034342
"420",2013-12-01,1847.20548371346,708.265992195375,1187.96126039567,967.413432459677,738.474504040134,202.06691446612,239.063973211473,541.10455125378,98.4739804421702,263.719299316406
